2022.03.30,09:00,1001.0,1004.5,1001.0,1004.0,6
2022.03.30,10:00,1004.1,1008.0,1004.1,1008.0,9
2022.03.30,11:00,1009.1,1010.3,1008.5,1009.0,13
2022.03.30,12:00,1009.2,1009.4,1008.9,1008.9,5
2022.03.30,14:00,1009.0,1009.6,1008.2,1008.9,11
2022.03.30,15:00,1008.2,1009.4,1008.0,1009.0,9
2022.03.30,16:00,1010.0,1010.6,1008.2,1008.6,30
2022.03.31,09:00,1011.9,1011.9,1008.8,1009.5,18
2022.03.31,10:00,1009.8,1010.3,1008.0,1009.1,24
2022.03.31,11:00,1009.0,1009.1,1007.5,1007.7,18
2022.03.31,12:00,1007.6,1008.5,1007.1,1008.5,6
2022.03.31,14:00,1009.2,1009.2,1007.9,1007.9,5
2022.03.31,15:00,1007.6,1007.9,1006.5,1007.7,28
2022.03.31,16:00,1007.3,1007.5,1006.8,1006.8,20
2022.04.01,09:00,1004.0,1005.0,1001.0,1003.8,33
2022.04.01,10:00,1003.5,1004.8,1002.3,1004.8,15
2022.04.01,11:00,1004.9,1005.5,1004.5,1005.5,15
2022.04.01,12:00,1005.0,1005.0,1005.0,1005.0,1
2022.04.01,14:00,1005.3,1007.2,1005.0,1007.2,18
2022.04.01,15:00,1007.3,1008.2,1006.6,1007.6,15
2022.04.01,16:00,1007.5,1008.1,1007.5,1007.8,11
2022.04.04,09:00,1010.3,1010.3,1008.0,1008.6,14
2022.04.04,10:00,1009.6,1009.6,1007.5,1009.0,30
2022.04.04,11:00,1008.4,1008.8,1006.0,1006.0,30
2022.04.04,12:00,1006.5,1006.9,1005.8,1005.8,13
2022.04.04,14:00,1006.0,1006.1,1004.7,1005.9,32
2022.04.04,15:00,1006.0,1006.7,1005.8,1006.0,23
2022.04.04,16:00,1006.5,1007.9,1006.2,1007.3,28
2022.04.05,09:00,1007.2,1008.3,1006.2,1008.0,14
2022.04.05,10:00,1008.3,1008.3,1006.7,1007.3,33
2022.04.05,11:00,1007.0,1007.4,1006.4,1007.4,13
2022.04.05,12:00,1006.4,1007.4,1006.4,1007.4,2
2022.04.05,14:00,1006.4,1008.4,1006.4,1007.9,20
2022.04.05,15:00,1008.0,1008.0,1004.6,1005.7,34
2022.04.05,16:00,1005.5,1005.8,1004.8,1005.3,15
2022.04.05,17:00,1005.1,1005.1,1005.1,1005.1,1
2022.04.07,09:00,1000.8,1000.9,998.5,998.9,30
2022.04.07,10:00,998.5,998.7,993.1,994.1,89
2022.04.07,11:00,993.1,993.6,990.8,991.3,48
2022.04.07,12:00,991.2,992.8,991.2,992.2,10
2022.04.07,14:00,993.2,994.5,993.0,993.3,27
2022.04.07,15:00,993.2,993.3,992.1,993.2,26
2022.04.07,16:00,992.5,993.2,991.9,993.2,17
2022.04.08,09:00,991.4,993.4,991.4,992.0,11
2022.04.08,10:00,992.3,992.3,987.0,989.4,61
2022.04.08,11:00,988.9,991.9,988.0,991.1,30
2022.04.08,12:00,991.5,992.0,991.4,991.6,6
2022.04.08,14:00,992.4,993.0,991.4,991.4,19
2022.04.08,15:00,992.5,993.5,992.5,992.6,32
2022.04.08,16:00,992.5,992.5,991.6,992.1,12
2022.04.11,09:00,987.7,987.7,984.5,986.6,28
2022.04.11,10:00,987.1,987.4,982.2,983.1,83
2022.04.11,11:00,982.5,985.4,982.5,984.7,39
2022.04.11,12:00,984.5,984.5,983.8,983.8,6
2022.04.11,14:00,983.5,988.6,983.2,986.8,73
2022.04.11,15:00,986.9,986.9,985.5,986.0,47
2022.04.11,16:00,986.5,987.4,986.1,986.6,27
2022.04.12,09:00,984.9,984.9,980.4,980.4,47
2022.04.12,10:00,980.9,983.2,980.1,982.2,60
2022.04.12,11:00,982.5,983.5,982.5,983.5,9
2022.04.12,12:00,983.0,984.8,983.0,984.8,13
2022.04.12,14:00,984.6,984.6,983.0,983.0,12
2022.04.12,15:00,984.0,984.4,983.5,983.5,11
2022.04.12,16:00,983.1,984.0,982.7,984.0,24
2022.04.18,09:00,980.7,981.2,977.0,977.3,42
2022.04.18,10:00,977.0,981.9,976.2,981.9,91
2022.04.18,11:00,982.0,982.8,980.0,980.6,32
2022.04.18,12:00,980.8,981.2,980.4,980.4,9
2022.04.18,14:00,980.0,980.5,979.5,980.5,12
2022.04.18,15:00,981.0,981.5,980.6,980.7,12
2022.04.18,16:00,980.8,981.0,977.4,977.4,30
2022.04.19,09:00,978.2,982.0,978.2,981.5,35
2022.04.19,10:00,982.0,984.5,980.8,983.0,60
2022.04.19,11:00,983.2,983.5,982.4,983.1,19
2022.04.19,12:00,983.2,983.3,982.3,982.6,8
2022.04.19,14:00,982.3,982.3,981.0,981.8,14
2022.04.19,15:00,982.1,982.8,980.5,980.5,14
2022.04.19,16:00,981.0,981.0,977.5,978.4,37
2022.04.20,09:00,983.0,983.5,982.4,982.5,28
2022.04.20,10:00,982.1,984.0,979.8,982.8,42
2022.04.20,11:00,982.4,982.6,981.6,982.1,13
2022.04.20,12:00,981.8,981.8,980.7,980.7,12
2022.04.20,14:00,981.3,981.5,980.1,981.2,16
2022.04.20,15:00,980.7,980.7,979.2,980.4,15
2022.04.20,16:00,980.1,981.2,980.1,981.2,11
2022.04.21,09:00,983.4,984.5,983.3,983.8,23
2022.04.21,10:00,983.9,987.4,982.6,986.9,100
2022.04.21,11:00,987.0,987.6,986.7,987.3,27
2022.04.21,12:00,986.6,987.3,986.5,986.7,11
2022.04.21,14:00,986.5,987.2,985.6,987.0,45
2022.04.21,15:00,986.6,988.0,986.1,986.5,30
2022.04.21,16:00,986.1,986.3,985.3,986.1,38
2022.04.22,09:00,983.9,983.9,979.9,981.0,58
2022.04.22,10:00,980.7,980.7,977.5,979.0,54
2022.04.22,11:00,978.8,978.9,974.0,975.0,81
2022.04.22,12:00,976.0,977.9,976.0,977.2,33
2022.04.22,14:00,978.0,978.7,977.0,978.1,32
2022.04.22,15:00,977.8,978.0,976.6,977.0,20
2022.04.22,16:00,977.5,979.6,977.5,979.5,59
2022.04.25,09:00,965.0,967.5,964.7,966.0,45
2022.04.25,10:00,966.1,969.2,965.1,968.5,89
2022.04.25,11:00,968.6,969.7,967.6,968.7,34
2022.04.25,12:00,969.3,969.4,968.8,969.3,13
2022.04.25,14:00,967.8,971.0,967.4,968.3,54
2022.04.25,15:00,968.5,968.9,967.0,967.7,24
2022.04.25,16:00,967.4,967.6,966.1,967.3,63
2022.04.26,09:00,970.9,973.2,970.9,972.5,53
2022.04.26,10:00,972.8,974.5,972.6,972.6,35
2022.04.26,11:00,973.1,973.8,969.5,970.3,56
2022.04.26,12:00,970.5,970.5,969.7,969.7,15
2022.04.26,14:00,969.0,969.7,967.6,969.7,28
2022.04.26,15:00,970.0,971.0,969.5,970.2,21
2022.04.26,16:00,970.3,971.9,970.0,970.3,23
2022.04.27,09:00,966.0,966.5,964.7,966.0,39
2022.04.27,10:00,966.4,967.3,962.5,965.8,85
2022.04.27,11:00,965.5,965.7,964.4,965.0,13
2022.04.27,12:00,964.8,965.3,964.4,965.3,7
2022.04.27,14:00,965.5,965.5,961.5,964.3,105
2022.04.27,15:00,964.4,966.0,964.0,964.8,25
2022.04.27,16:00,965.4,966.3,964.6,966.3,38
2022.04.28,09:00,965.7,966.9,965.7,966.0,16
2022.04.28,10:00,966.2,966.2,963.8,964.4,27
2022.04.28,11:00,964.3,965.5,964.2,964.8,24
2022.04.28,12:00,964.5,964.5,963.8,964.5,11
2022.04.28,14:00,965.6,967.1,965.6,965.7,43
2022.04.28,15:00,966.1,968.0,966.1,968.0,15
2022.04.28,16:00,968.2,968.2,966.8,967.0,25
2022.04.29,09:00,969.5,970.6,968.7,970.0,20
2022.04.29,10:00,970.2,971.7,969.2,970.7,42
2022.04.29,11:00,970.5,971.2,970.4,970.9,11
2022.04.29,12:00,971.3,972.4,971.0,971.3,20
2022.04.29,14:00,970.7,971.0,970.2,970.5,9
2022.04.29,15:00,970.0,971.0,969.6,969.6,12
2022.04.29,16:00,969.3,969.3,964.3,966.7,34
2022.05.03,09:00,966.0,967.0,964.6,965.8,24
2022.05.03,10:00,966.0,966.0,963.0,965.0,64
2022.05.03,11:00,965.3,965.7,964.5,965.7,15
2022.05.03,12:00,965.5,965.5,965.0,965.1,3
2022.05.03,14:00,965.0,965.2,964.5,964.7,8
2022.05.03,15:00,965.4,966.4,964.5,965.0,15
2022.05.03,16:00,964.5,964.8,963.3,964.5,48
2022.05.05,09:00,972.1,974.0,971.5,972.8,65
2022.05.05,10:00,972.5,973.9,972.0,972.1,38
2022.05.05,11:00,972.0,972.3,968.3,968.8,58
2022.05.05,12:00,969.0,970.6,968.7,970.5,13
2022.05.05,14:00,970.3,970.3,967.2,968.0,49
2022.05.05,15:00,968.1,968.2,965.8,966.1,31
2022.05.05,16:00,965.6,965.6,960.2,961.4,100
2022.05.06,09:00,954.2,954.2,949.6,950.2,100
2022.05.06,10:00,949.6,952.8,949.0,952.3,127
2022.05.06,11:00,952.4,954.0,947.6,948.7,111
2022.05.06,12:00,948.0,950.0,947.6,949.8,35
2022.05.06,14:00,949.5,951.5,948.2,951.5,66
2022.05.06,15:00,951.2,951.9,950.5,950.5,36
2022.05.06,16:00,950.8,953.4,949.1,953.2,91
2022.05.09,09:00,946.5,946.5,942.9,943.0,90
2022.05.09,10:00,942.8,946.3,941.5,941.9,201
2022.05.09,11:00,941.8,943.4,940.5,942.8,161
2022.05.09,12:00,943.0,943.1,942.0,942.0,21
2022.05.09,14:00,943.0,943.9,941.6,941.9,54
2022.05.09,15:00,942.1,942.1,938.2,940.0,150
2022.05.09,16:00,940.3,941.4,936.7,936.7,132
2022.05.10,09:00,938.0,939.1,936.6,937.2,44
2022.05.10,10:00,937.0,939.0,934.1,938.9,189
2022.05.10,11:00,939.0,941.0,938.8,940.1,81
2022.05.10,12:00,940.5,943.1,940.1,943.0,29
2022.05.10,14:00,943.5,944.5,943.1,943.9,36
2022.05.10,15:00,943.8,946.2,943.0,946.0,46
2022.05.10,16:00,946.1,949.7,946.1,947.9,79
2022.05.11,09:00,947.1,947.3,943.3,943.5,54
2022.05.11,10:00,944.0,946.7,943.3,946.0,52
2022.05.11,11:00,945.8,945.8,941.5,942.3,81
2022.05.11,12:00,942.8,944.7,942.7,944.5,34
2022.05.11,14:00,942.8,944.2,940.0,940.1,94
2022.05.11,15:00,940.0,944.2,938.1,943.9,126
2022.05.11,16:00,944.2,946.3,943.5,946.0,50
2022.05.12,09:00,939.0,939.7,936.4,938.0,78
2022.05.12,10:00,937.5,938.7,935.3,937.9,190
2022.05.12,11:00,938.0,938.2,934.0,935.8,153
2022.05.12,12:00,936.7,937.4,933.1,933.9,87
2022.05.12,14:00,932.9,934.8,930.8,934.8,184
2022.05.12,15:00,934.9,937.0,933.3,935.4,84
2022.05.12,16:00,935.3,935.5,933.1,933.1,59
2022.05.13,09:00,940.0,942.3,940.0,941.7,52
2022.05.13,10:00,941.9,942.3,938.0,940.0,73
2022.05.13,11:00,939.5,940.0,938.0,939.8,30
2022.05.13,12:00,939.4,939.4,936.7,936.8,29
2022.05.13,14:00,936.5,940.5,936.5,938.7,47
2022.05.13,15:00,939.9,940.3,938.3,939.0,29
2022.05.13,16:00,939.6,939.6,937.1,937.5,24
2022.05.13,17:00,937.4,937.4,937.4,937.4,1
2022.05.17,09:00,942.2,944.2,942.2,944.0,41
2022.05.17,10:00,944.3,947.2,943.0,947.1,128
2022.05.17,11:00,947.2,949.1,946.9,949.1,70
2022.05.17,12:00,949.0,949.4,948.0,949.1,23
2022.05.17,14:00,949.4,952.5,949.4,951.2,58
2022.05.17,15:00,951.7,955.4,951.7,955.2,65
2022.05.17,16:00,955.3,956.0,953.4,955.4,76
2022.05.18,09:00,958.0,958.0,954.2,954.6,41
2022.05.18,10:00,953.8,954.5,950.8,954.3,107
2022.05.18,11:00,954.0,954.5,950.6,952.0,43
2022.05.18,12:00,952.7,954.0,952.7,954.0,5
2022.05.18,14:00,952.1,954.8,952.1,954.6,28
2022.05.18,15:00,954.8,960.2,954.4,960.0,93
2022.05.18,16:00,960.2,960.7,959.8,960.3,49
2022.05.19,09:00,944.7,946.9,943.3,945.4,64
2022.05.19,10:00,945.5,949.5,945.2,949.0,87
2022.05.19,11:00,949.2,952.5,948.3,952.0,61
2022.05.19,12:00,951.2,951.2,950.4,951.0,15
2022.05.19,14:00,950.0,952.0,947.3,952.0,61
2022.05.19,15:00,951.9,952.0,950.1,950.2,33
2022.05.19,16:00,950.3,950.3,948.0,948.4,52
2022.05.20,09:00,956.1,960.5,956.1,958.8,78
2022.05.20,10:00,959.5,962.3,958.6,959.4,128
2022.05.20,11:00,959.5,961.2,959.5,959.9,46
2022.05.20,12:00,960.0,960.3,959.0,960.3,25
2022.05.20,14:00,960.4,963.0,960.4,962.9,71
2022.05.20,15:00,962.4,962.8,961.1,962.1,45
2022.05.20,16:00,962.0,963.4,961.7,962.8,46
2022.05.23,09:00,968.8,968.8,962.5,963.5,41
2022.05.23,10:00,963.3,964.0,961.0,964.0,67
2022.05.23,11:00,963.7,967.4,963.4,966.2,70
2022.05.23,12:00,966.5,967.0,966.2,966.9,16
2022.05.23,14:00,967.0,968.3,966.7,967.8,65
2022.05.23,15:00,968.0,968.0,965.0,967.5,49
2022.05.23,16:00,967.4,970.1,967.4,970.0,64
2022.05.24,09:00,968.9,968.9,967.3,967.3,32
2022.05.24,10:00,967.7,967.8,965.8,967.6,54
2022.05.24,11:00,967.9,968.3,967.0,967.0,9
2022.05.24,12:00,968.2,968.5,966.6,966.6,13
2022.05.24,14:00,967.9,967.9,964.4,965.4,36
2022.05.24,15:00,965.8,966.0,963.9,964.1,24
2022.05.24,16:00,964.0,965.0,963.0,964.0,36
2022.05.25,09:00,966.0,967.8,965.6,967.3,25
2022.05.25,10:00,967.0,973.0,966.7,972.3,138
2022.05.25,11:00,972.7,973.3,970.5,971.0,33
2022.05.25,12:00,970.5,970.5,969.6,970.0,8
2022.05.25,14:00,970.1,970.1,962.7,964.1,98
2022.05.25,15:00,963.6,964.0,961.0,962.5,68
2022.05.25,16:00,962.0,962.3,960.0,961.6,72
2022.05.26,09:00,965.5,965.5,963.0,964.0,30
2022.05.26,10:00,963.9,967.2,963.2,966.9,75
2022.05.26,11:00,966.8,966.8,964.4,964.4,41
2022.05.26,12:00,964.1,965.2,964.0,965.1,13
2022.05.26,14:00,965.0,968.4,965.0,967.0,46
2022.05.26,15:00,967.3,967.7,965.7,966.0,40
2022.05.26,16:00,966.1,966.9,965.9,966.0,26
2022.05.27,09:00,973.5,976.0,973.5,975.0,59
2022.05.27,10:00,975.5,976.5,974.4,975.8,95
2022.05.27,11:00,975.9,975.9,969.4,969.4,89
2022.05.27,12:00,969.0,970.0,968.0,969.9,49
2022.05.27,14:00,970.1,971.2,968.8,971.2,44
2022.05.27,15:00,971.4,972.3,970.5,970.9,31
2022.05.27,16:00,970.8,972.1,970.0,972.1,47
2022.05.30,09:00,977.0,980.7,977.0,978.3,64
2022.05.30,10:00,979.0,980.1,977.0,978.7,117
2022.05.30,11:00,978.8,979.6,978.1,979.6,35
2022.05.30,12:00,979.5,980.9,979.0,980.0,39
2022.05.30,14:00,980.2,981.3,980.0,980.8,39
2022.05.30,15:00,980.7,981.9,980.7,981.4,44
2022.05.30,16:00,981.3,981.7,980.1,981.6,61
2022.05.31,09:00,981.5,981.5,979.4,980.1,23
2022.05.31,10:00,980.5,980.5,978.1,980.0,68
2022.05.31,11:00,979.8,981.5,979.7,980.9,43
2022.05.31,12:00,980.8,980.8,979.7,980.5,15
2022.05.31,14:00,979.5,979.5,976.4,979.1,52
2022.05.31,15:00,979.7,984.6,979.7,984.5,116
2022.05.31,16:00,984.3,985.2,983.4,983.5,103
2022.05.31,18:00,984.0,984.0,984.0,984.0,1
2022.06.01,09:00,984.9,984.9,982.8,982.8,32
2022.06.01,10:00,982.9,986.5,982.6,984.5,90
2022.06.01,11:00,984.0,985.5,982.7,985.5,25
2022.06.01,12:00,985.7,987.4,985.7,986.6,37
2022.06.01,14:00,987.0,988.2,984.7,985.2,74
2022.06.01,15:00,984.9,986.4,984.0,986.3,49
2022.06.01,16:00,985.5,987.3,984.3,987.0,51
2022.06.01,17:00,986.8,986.8,986.8,986.8,1
2022.06.02,09:00,982.5,983.1,981.3,981.8,41
2022.06.02,10:00,981.7,983.8,981.6,981.9,46
2022.06.02,11:00,981.8,983.2,981.8,982.3,17
2022.06.02,12:00,982.2,982.3,980.8,981.0,25
2022.06.02,14:00,982.0,982.7,981.0,981.0,23
2022.06.02,15:00,981.8,982.0,980.5,981.8,22
2022.06.02,16:00,982.0,982.3,981.3,981.7,32
2022.06.06,09:00,984.0,985.0,979.8,981.5,33
2022.06.06,10:00,981.3,981.3,977.1,977.3,71
2022.06.06,11:00,977.2,977.9,975.1,975.1,63
2022.06.06,12:00,975.4,975.4,973.4,973.8,49
2022.06.06,14:00,974.0,977.7,974.0,977.0,48
2022.06.06,15:00,977.2,980.2,976.8,979.0,66
2022.06.06,16:00,979.4,980.0,978.2,979.7,35
2022.06.06,17:00,979.4,979.4,979.4,979.4,1
2022.06.07,09:00,972.9,975.3,972.9,975.0,31
2022.06.07,10:00,974.7,974.7,972.1,972.1,61
2022.06.07,11:00,972.0,973.0,970.5,971.4,53
2022.06.07,12:00,971.5,971.8,970.8,970.8,12
2022.06.07,14:00,972.0,973.6,971.9,971.9,34
2022.06.07,15:00,970.9,972.3,970.8,971.0,42
2022.06.07,16:00,970.9,972.0,970.5,971.6,44
2022.06.07,17:00,971.4,971.4,971.4,971.4,1
2022.06.08,09:00,974.4,975.2,974.0,974.0,60
2022.06.08,10:00,973.8,974.5,971.4,972.5,65
2022.06.08,11:00,972.0,973.1,972.0,972.5,23
2022.06.08,12:00,972.1,973.0,971.8,972.2,7
2022.06.08,14:00,972.4,973.8,971.8,972.5,21
2022.06.08,15:00,971.8,972.2,970.2,972.0,53
2022.06.08,16:00,971.7,972.3,971.1,971.9,17
2022.06.09,09:00,970.0,971.3,968.6,970.5,45
2022.06.09,10:00,970.8,977.1,970.7,976.6,156
2022.06.09,11:00,976.8,978.0,976.5,977.0,63
2022.06.09,12:00,977.1,977.8,977.0,977.4,26
2022.06.09,14:00,977.3,978.2,975.8,976.0,50
2022.06.09,15:00,975.8,977.7,975.1,977.5,52
2022.06.09,16:00,977.9,978.3,976.2,976.3,30
2022.06.10,09:00,970.1,972.5,970.1,971.8,36
2022.06.10,10:00,971.7,973.3,970.3,972.2,66
2022.06.10,11:00,972.5,972.5,971.4,971.5,14
2022.06.10,12:00,971.7,972.9,971.5,972.3,9
2022.06.10,14:00,971.5,972.0,970.3,971.3,33
2022.06.10,15:00,971.9,972.7,971.9,972.1,12
2022.06.10,16:00,971.8,972.5,971.8,972.4,10
2022.06.13,09:00,956.6,959.0,956.5,957.9,48
2022.06.13,10:00,957.6,959.5,956.2,957.9,140
2022.06.13,11:00,957.7,958.5,955.9,956.5,61
2022.06.13,12:00,956.4,957.3,955.9,956.9,38
2022.06.13,14:00,956.0,957.4,953.9,954.6,64
2022.06.13,15:00,954.5,954.8,953.3,953.4,51
2022.06.13,16:00,953.3,954.9,953.2,954.9,51
2022.06.14,09:00,952.9,955.0,952.5,953.2,45
2022.06.14,10:00,953.4,955.8,950.5,954.5,163
2022.06.14,11:00,955.0,955.3,953.5,954.1,34
2022.06.14,12:00,953.7,953.9,953.6,953.9,5
2022.06.14,14:00,954.8,955.8,953.7,955.5,38
2022.06.14,15:00,955.4,955.4,953.2,953.2,39
2022.06.14,16:00,953.1,954.4,952.5,953.8,33
2022.06.15,09:00,955.5,956.0,954.3,954.6,19
2022.06.15,10:00,955.0,955.0,952.0,952.0,49
2022.06.15,11:00,951.9,952.0,948.9,949.0,60
2022.06.15,12:00,949.4,950.2,949.1,949.7,25
2022.06.15,14:00,950.2,952.6,950.2,951.0,42
2022.06.15,15:00,952.0,952.6,950.9,952.5,17
2022.06.15,16:00,951.6,952.0,951.1,952.0,18
2022.06.16,09:00,956.2,958.0,956.1,957.4,53
2022.06.16,10:00,957.5,957.5,953.6,954.8,55
2022.06.16,11:00,954.0,954.7,949.7,949.7,61
2022.06.16,12:00,949.6,949.6,945.0,946.9,108
2022.06.16,14:00,946.0,946.0,939.0,939.5,161
2022.06.16,15:00,939.1,940.0,932.4,933.1,270
2022.06.16,16:00,933.8,933.8,930.0,930.5,240
2022.06.17,09:00,930.0,931.6,927.5,930.3,116
2022.06.17,10:00,930.0,935.3,925.3,930.0,307
2022.06.17,11:00,930.5,938.8,930.0,937.5,145
2022.06.17,12:00,938.0,938.5,935.7,936.0,48
2022.06.17,14:00,935.4,937.0,933.0,933.0,50
2022.06.17,15:00,932.8,935.9,931.0,933.4,68
2022.06.17,16:00,934.3,934.5,931.4,931.9,64
2022.06.20,09:00,931.0,931.0,927.5,928.5,101
2022.06.20,10:00,928.7,931.0,927.0,930.8,98
2022.06.20,11:00,930.9,932.5,928.3,930.7,60
2022.06.20,12:00,930.6,932.0,930.3,930.3,20
2022.06.20,14:00,930.5,932.5,930.2,932.4,27
2022.06.20,15:00,932.5,933.8,932.3,932.6,45
2022.06.20,16:00,932.4,932.4,931.3,931.3,52
2022.06.21,09:00,936.0,936.5,935.1,935.6,29
2022.06.21,10:00,935.5,936.0,934.1,935.7,55
2022.06.21,11:00,935.9,938.4,934.6,938.4,39
2022.06.21,12:00,938.5,939.5,938.3,938.7,36
2022.06.21,14:00,938.5,940.0,938.0,939.6,31
2022.06.21,15:00,939.9,940.5,939.0,939.5,50
2022.06.21,16:00,939.9,941.3,939.5,941.3,42
2022.06.22,09:00,938.0,938.0,935.0,935.7,56
2022.06.22,10:00,935.1,935.9,932.2,934.5,100
2022.06.22,11:00,934.4,934.8,932.0,933.3,37
2022.06.22,12:00,933.0,933.4,932.2,932.2,10
2022.06.22,14:00,930.3,930.3,926.5,927.5,151
2022.06.22,15:00,927.0,929.8,926.5,929.3,100
2022.06.22,16:00,929.5,932.5,929.5,931.8,69
2022.06.23,09:00,929.9,933.8,929.9,931.8,41
2022.06.23,10:00,931.5,932.8,929.9,932.3,77
2022.06.23,11:00,932.5,934.2,931.5,934.0,29
2022.06.23,12:00,933.5,934.3,933.1,933.7,10
2022.06.23,14:00,933.1,933.1,928.5,930.3,78
2022.06.23,15:00,930.0,934.0,930.0,932.0,71
2022.06.23,16:00,931.9,932.5,931.1,932.0,29
2022.06.24,09:00,936.2,938.0,936.2,937.2,67
2022.06.24,10:00,937.3,938.0,934.7,935.3,76
2022.06.24,11:00,935.9,936.0,934.0,935.4,54
2022.06.24,12:00,935.1,935.1,933.2,934.4,35
2022.06.24,14:00,934.0,934.6,932.5,934.0,48
2022.06.24,15:00,933.7,938.5,933.5,938.0,65
2022.06.24,16:00,937.9,938.7,937.2,937.2,56
2022.06.27,09:00,945.9,946.0,943.6,945.7,58
2022.06.27,10:00,945.6,947.6,945.6,946.0,104
2022.06.27,11:00,946.5,946.8,945.8,946.0,29
2022.06.27,12:00,946.5,947.0,946.0,946.3,15
2022.06.27,14:00,946.0,947.6,946.0,947.3,40
2022.06.27,15:00,947.5,948.0,946.1,947.4,47
2022.06.27,16:00,947.1,947.4,946.5,947.3,29
2022.06.27,17:00,947.1,947.1,947.1,947.1,1
2022.06.28,09:00,945.1,946.0,944.2,945.2,33
2022.06.28,10:00,945.4,950.5,944.0,950.2,108
2022.06.28,11:00,950.3,950.5,949.5,949.6,34
2022.06.28,12:00,949.9,950.2,949.5,949.7,15
2022.06.28,14:00,950.6,953.1,950.6,951.5,59
2022.06.28,15:00,952.0,953.7,952.0,953.5,38
2022.06.28,16:00,953.7,954.3,951.6,951.6,78
2022.06.29,09:00,947.5,949.5,947.1,948.7,44
2022.06.29,10:00,948.0,951.0,947.0,950.0,74
2022.06.29,11:00,949.9,949.9,947.9,948.0,34
2022.06.29,12:00,948.1,948.8,948.0,948.0,10
2022.06.29,14:00,947.6,949.5,946.4,948.2,56
2022.06.29,15:00,948.3,949.0,947.8,948.2,36
2022.06.29,16:00,948.4,949.1,946.9,946.9,71
2022.06.29,17:00,947.2,947.2,947.2,947.2,1
2022.06.30,09:00,948.4,948.4,946.7,947.0,39
2022.06.30,10:00,946.9,948.8,946.5,947.5,58
2022.06.30,11:00,947.4,947.8,944.1,944.5,61
2022.06.30,12:00,944.2,944.8,939.5,940.0,105
2022.06.30,14:00,938.0,938.0,936.1,937.4,144
2022.06.30,15:00,937.1,938.1,935.1,936.0,123
2022.06.30,16:00,936.3,936.9,935.1,935.3,130
2022.07.01,09:00,936.0,936.9,934.5,936.8,53
2022.07.01,10:00,936.9,937.5,933.3,936.8,151
2022.07.01,11:00,937.0,937.0,935.1,935.4,35
2022.07.01,12:00,935.6,937.6,935.6,936.9,34
2022.07.01,14:00,937.5,939.0,937.0,937.9,60
2022.07.01,15:00,938.1,941.3,937.5,940.5,98
2022.07.01,16:00,940.9,941.0,939.3,939.9,58
2022.07.04,09:00,940.0,941.9,938.0,939.3,50
2022.07.04,10:00,939.9,940.3,933.6,935.0,168
2022.07.04,11:00,935.1,936.6,934.8,935.9,43
2022.07.04,12:00,936.1,940.0,936.1,940.0,59
2022.07.04,14:00,939.9,943.4,936.0,938.2,102
2022.07.04,15:00,939.0,939.4,935.9,936.4,57
2022.07.04,16:00,936.0,937.2,935.1,937.0,47
2022.07.05,09:00,938.4,941.0,937.7,938.4,64
2022.07.05,10:00,939.0,939.6,935.3,936.5,105
2022.07.05,11:00,937.0,938.5,937.0,937.0,34
2022.07.05,12:00,936.8,937.4,936.8,937.4,9
2022.07.05,14:00,936.8,939.0,936.2,938.0,40
2022.07.05,15:00,938.3,938.6,928.0,930.0,344
2022.07.05,16:00,929.9,930.9,929.4,930.0,146
2022.07.06,09:00,928.0,929.7,928.0,928.2,67
2022.07.06,10:00,928.5,931.7,926.0,930.0,266
2022.07.06,11:00,929.7,929.7,925.8,927.0,148
2022.07.06,12:00,927.3,929.7,926.9,929.3,51
2022.07.06,14:00,929.5,933.0,929.5,931.5,130
2022.07.06,15:00,931.3,932.1,929.7,932.0,79
2022.07.06,16:00,931.7,933.7,930.7,933.5,72
2022.07.07,09:00,933.7,934.4,932.6,933.4,41
2022.07.07,10:00,933.0,934.0,931.5,933.5,71
2022.07.07,11:00,933.8,936.9,933.6,936.2,106
2022.07.07,12:00,936.3,937.6,935.8,936.3,44
2022.07.07,14:00,936.6,939.5,936.5,939.2,72
2022.07.07,15:00,939.4,941.3,939.4,941.3,103
2022.07.07,16:00,941.2,945.0,941.2,944.5,126
2022.07.08,09:00,949.1,949.3,947.0,947.0,83
2022.07.08,10:00,946.8,947.9,943.1,943.1,136
2022.07.08,11:00,943.0,944.8,941.8,944.0,69
2022.07.08,12:00,943.9,944.7,943.7,944.0,25
2022.07.08,14:00,943.1,946.5,943.1,945.7,50
2022.07.08,15:00,945.9,946.5,942.0,943.6,45
2022.07.08,16:00,943.2,945.5,942.5,945.3,27
2022.07.11,09:00,941.2,942.8,940.7,942.0,52
2022.07.11,10:00,941.8,944.5,940.1,943.2,83
2022.07.11,11:00,943.0,943.9,942.2,942.3,38
2022.07.11,12:00,942.4,942.8,942.2,942.2,14
2022.07.11,14:00,941.9,941.9,939.4,940.0,69
2022.07.11,15:00,939.9,941.3,939.0,941.1,65
2022.07.11,16:00,941.2,947.3,941.0,944.6,127
2022.07.12,09:00,940.7,941.0,939.6,940.1,45
2022.07.12,10:00,940.2,941.8,937.4,940.4,155
2022.07.12,11:00,940.0,940.9,938.6,938.6,53
2022.07.12,12:00,938.5,939.5,937.7,939.0,38
2022.07.12,14:00,938.9,939.0,934.9,937.5,116
2022.07.12,15:00,937.4,938.7,936.6,938.0,52
2022.07.12,16:00,937.5,938.0,937.0,937.5,38
2022.07.14,09:00,934.5,935.3,933.0,934.5,41
2022.07.14,10:00,934.2,937.2,933.6,934.9,103
2022.07.14,11:00,934.8,935.8,934.1,934.3,27
2022.07.14,12:00,934.5,936.0,934.5,934.8,11
2022.07.14,14:00,934.2,935.5,932.1,932.4,79
2022.07.14,15:00,932.3,932.6,927.9,929.4,149
2022.07.14,16:00,929.2,931.4,928.2,931.0,154
2022.07.15,09:00,932.8,933.1,930.5,931.0,50
2022.07.15,10:00,931.4,931.7,925.3,925.3,168
2022.07.15,11:00,925.2,926.5,920.8,923.1,324
2022.07.15,12:00,923.0,923.0,921.2,921.3,75
2022.07.15,14:00,921.1,923.7,921.1,922.2,87
2022.07.15,15:00,922.7,926.5,921.1,926.5,105
2022.07.15,16:00,926.8,931.6,926.2,930.0,190
2022.07.18,09:00,934.2,936.0,933.4,934.8,106
2022.07.18,10:00,934.9,937.0,934.0,934.5,139
2022.07.18,11:00,934.6,936.3,933.9,935.8,64
2022.07.18,12:00,935.9,936.2,935.3,935.6,13
2022.07.18,14:00,936.0,939.3,936.0,938.2,128
2022.07.18,15:00,938.4,940.2,938.0,938.2,75
2022.07.18,16:00,938.6,938.7,936.1,936.5,94
2022.07.19,09:00,934.8,934.8,932.3,932.8,60
2022.07.19,10:00,932.5,933.0,924.0,925.0,302
2022.07.19,11:00,924.8,926.3,922.3,922.5,166
2022.07.19,12:00,922.4,924.5,921.8,924.5,84
2022.07.19,14:00,925.1,928.8,925.1,926.7,120
2022.07.19,15:00,926.8,930.0,925.8,929.6,142
2022.07.19,16:00,929.4,930.2,927.4,930.2,95
2022.07.20,09:00,936.0,937.8,936.0,936.0,93
2022.07.20,10:00,935.8,935.8,930.6,933.8,191
2022.07.20,11:00,933.6,934.5,931.7,932.5,98
2022.07.20,12:00,932.7,933.2,931.5,932.9,43
2022.07.20,14:00,933.1,933.9,929.3,931.5,108
2022.07.20,15:00,930.9,932.0,930.3,930.5,44
2022.07.20,16:00,930.6,931.7,930.0,930.1,40
2022.07.21,09:00,930.2,931.0,927.6,929.8,40
2022.07.21,10:00,929.7,930.7,927.9,928.1,122
2022.07.21,11:00,928.0,934.0,928.0,933.6,107
2022.07.21,12:00,933.7,935.3,933.0,934.3,59
2022.07.21,14:00,934.4,935.1,931.5,931.5,83
2022.07.21,15:00,931.4,934.3,929.4,934.3,162
2022.07.21,16:00,934.0,934.7,932.9,933.1,58
2022.07.22,09:00,935.1,938.7,935.1,938.4,79
2022.07.22,10:00,938.5,939.9,937.6,938.4,126
2022.07.22,11:00,938.7,938.7,937.1,937.5,28
2022.07.22,12:00,937.1,939.1,937.1,938.5,17
2022.07.22,14:00,939.0,941.4,933.5,936.2,200
2022.07.22,15:00,935.8,937.5,932.8,937.5,89
2022.07.22,16:00,937.6,941.3,937.0,941.2,112
2022.07.25,09:00,937.7,939.6,937.5,938.3,39
2022.07.25,10:00,938.2,942.4,936.5,942.4,125
2022.07.25,11:00,942.5,942.6,939.7,940.7,72
2022.07.25,12:00,941.0,941.5,939.5,941.5,20
2022.07.25,14:00,941.6,942.5,940.0,942.4,53
2022.07.25,15:00,941.6,942.9,941.0,942.8,62
2022.07.25,16:00,942.7,944.0,941.7,942.4,74
2022.07.26,09:00,938.5,943.1,938.5,942.0,47
2022.07.26,10:00,941.9,943.0,940.4,942.2,109
2022.07.26,11:00,942.4,942.5,939.4,940.9,85
2022.07.26,12:00,941.0,941.0,940.5,940.6,6
2022.07.26,14:00,940.9,941.9,940.7,941.5,27
2022.07.26,15:00,941.4,941.4,939.2,939.9,47
2022.07.26,16:00,940.1,940.5,939.6,940.0,38
2022.07.27,09:00,938.0,938.8,937.8,938.5,47
2022.07.27,10:00,938.6,940.0,937.0,939.1,119
2022.07.27,11:00,939.5,941.0,939.0,941.0,48
2022.07.27,12:00,941.1,941.5,940.8,941.2,24
2022.07.27,14:00,941.5,942.9,941.5,942.2,53
2022.07.27,15:00,942.7,944.0,941.7,943.2,68
2022.07.27,16:00,943.6,947.8,943.4,946.4,152
2022.08.01,09:00,952.0,953.8,950.1,950.5,97
2022.08.01,10:00,950.2,952.8,949.2,950.5,186
2022.08.01,11:00,950.6,952.5,950.0,952.1,42
2022.08.01,12:00,951.9,952.0,951.0,951.2,20
2022.08.01,14:00,952.1,955.0,952.0,953.2,132
2022.08.01,15:00,953.1,954.5,953.0,953.9,61
2022.08.01,16:00,954.1,954.1,952.0,952.3,72
2022.08.02,09:00,949.1,949.1,947.3,948.7,75
2022.08.02,10:00,948.8,952.0,948.4,951.6,138
2022.08.02,11:00,951.4,954.5,950.6,954.0,100
2022.08.02,12:00,954.2,954.7,953.4,953.4,25
2022.08.02,14:00,953.2,953.2,950.9,951.1,75
2022.08.02,15:00,951.2,952.7,950.5,952.2,52
2022.08.02,16:00,952.0,953.0,951.5,951.6,41
2022.08.03,09:00,951.7,953.0,951.6,952.7,33
2022.08.03,10:00,953.0,954.1,951.0,951.9,99
2022.08.03,11:00,951.7,951.7,949.1,951.0,60
2022.08.03,12:00,950.7,951.1,950.5,950.8,10
2022.08.03,14:00,950.6,952.3,950.6,951.2,38
2022.08.03,15:00,951.3,952.2,951.1,952.1,29
2022.08.03,16:00,952.2,955.3,952.1,955.3,141
2022.08.04,09:00,957.5,957.5,955.8,956.3,45
2022.08.04,10:00,956.4,957.8,954.5,955.6,94
2022.08.04,11:00,955.3,956.7,955.2,955.2,36
2022.08.04,12:00,955.1,956.2,955.0,956.0,28
2022.08.04,14:00,955.4,956.3,954.6,954.6,56
2022.08.04,15:00,954.5,954.6,951.3,952.8,156
2022.08.04,16:00,952.7,954.7,952.7,954.5,50
2022.08.05,09:00,954.4,956.6,954.4,955.7,60
2022.08.05,10:00,956.0,957.0,954.1,955.7,78
2022.08.05,11:00,955.4,956.1,952.9,954.5,60
2022.08.05,12:00,955.4,955.4,954.1,954.3,14
2022.08.05,14:00,954.0,955.1,953.4,954.5,24
2022.08.05,15:00,954.3,954.7,953.5,954.2,23
2022.08.05,16:00,954.6,955.8,954.6,955.3,45
2022.08.08,09:00,957.0,957.0,954.1,954.1,27
2022.08.08,10:00,954.2,954.2,950.5,953.7,123
2022.08.08,11:00,953.8,953.8,952.3,953.5,37
2022.08.08,12:00,953.6,956.9,953.4,956.4,54
2022.08.08,14:00,956.7,957.8,956.4,956.8,67
2022.08.08,15:00,956.7,960.5,956.7,959.5,132
2022.08.08,16:00,959.8,964.5,959.2,963.2,155
2022.08.09,09:00,963.0,964.1,962.0,964.0,69
2022.08.09,10:00,963.5,968.7,963.5,968.3,247
2022.08.09,11:00,968.4,970.0,967.4,970.0,89
2022.08.09,12:00,969.8,970.5,968.8,969.8,60
2022.08.09,14:00,969.7,969.7,966.8,968.1,77
2022.08.09,15:00,968.0,969.1,967.1,968.9,48
2022.08.09,16:00,969.0,970.5,968.8,969.1,67
2022.08.10,09:00,967.2,968.0,966.3,967.5,51
2022.08.10,10:00,967.4,967.8,964.1,964.2,118
2022.08.10,11:00,964.1,966.0,964.0,965.5,58
2022.08.10,12:00,965.7,966.0,964.7,965.8,26
2022.08.10,14:00,964.8,967.9,963.5,967.7,88
2022.08.10,15:00,967.6,969.5,966.7,968.7,99
2022.08.10,16:00,968.3,968.5,966.8,967.1,52
2022.08.11,09:00,976.0,976.0,972.7,973.0,80
2022.08.11,10:00,973.2,973.8,972.0,973.5,139
2022.08.11,11:00,973.6,973.7,973.0,973.2,41
2022.08.11,12:00,973.1,973.2,972.5,972.9,24
2022.08.11,14:00,972.7,973.6,967.5,967.5,162
2022.08.11,15:00,967.3,969.5,966.7,969.0,93
2022.08.11,16:00,968.9,971.4,968.9,970.8,72
2022.08.15,09:00,972.0,973.5,971.9,972.5,56
2022.08.15,10:00,972.4,976.2,972.0,975.7,205
2022.08.15,11:00,975.8,976.1,974.5,975.7,57
2022.08.15,12:00,975.8,977.9,975.8,977.2,53
2022.08.15,14:00,977.0,977.0,974.4,975.3,79
2022.08.15,15:00,975.6,977.3,975.6,976.1,59
2022.08.15,16:00,976.3,976.6,974.4,974.7,52
2022.08.16,09:00,976.9,979.1,976.8,978.6,77
2022.08.16,10:00,978.7,978.7,975.5,976.6,123
2022.08.16,11:00,976.8,977.6,974.4,975.0,93
2022.08.16,12:00,975.5,975.5,974.5,974.7,39
2022.08.16,14:00,975.0,976.5,972.9,976.4,96
2022.08.16,15:00,975.7,977.0,975.1,975.8,44
2022.08.16,16:00,975.7,975.9,972.1,973.4,101
2022.08.17,09:00,975.0,975.9,974.2,975.5,36
2022.08.17,10:00,975.3,976.6,974.3,976.0,77
2022.08.17,11:00,976.2,978.8,975.4,978.3,76
2022.08.17,12:00,978.5,978.7,977.6,977.6,34
2022.08.17,14:00,977.2,979.3,976.6,977.8,81
2022.08.17,15:00,977.9,980.6,977.0,977.7,128
2022.08.17,16:00,977.6,978.0,976.8,977.3,81
2022.08.18,09:00,975.5,977.0,975.5,976.0,44
2022.08.18,10:00,975.8,978.5,974.5,977.6,115
2022.08.18,11:00,977.2,977.2,974.0,974.0,68
2022.08.18,12:00,974.2,975.7,973.9,975.5,32
2022.08.18,14:00,975.4,977.2,974.7,977.0,54
2022.08.18,15:00,977.2,977.6,976.0,976.7,47
2022.08.18,16:00,977.0,978.5,976.8,978.5,58
2022.08.19,09:00,977.6,977.6,975.8,976.0,37
2022.08.19,10:00,976.5,977.3,975.2,975.5,59
2022.08.19,11:00,975.4,975.4,972.5,973.8,118
2022.08.19,12:00,973.9,974.8,973.5,974.7,28
2022.08.19,14:00,974.0,974.0,970.1,971.4,154
2022.08.19,15:00,971.0,971.7,969.3,969.8,96
2022.08.19,16:00,969.6,970.6,968.9,970.2,86
2022.08.22,09:00,968.0,969.1,967.5,968.2,48
2022.08.22,10:00,968.0,970.4,967.5,969.7,88
2022.08.22,11:00,970.0,970.0,967.5,968.0,48
2022.08.22,12:00,967.7,968.5,967.2,967.9,15
2022.08.22,14:00,968.3,968.3,964.8,964.8,100
2022.08.22,15:00,964.7,965.3,964.0,964.5,72
2022.08.22,16:00,964.8,964.8,962.5,962.6,111
2022.08.23,09:00,962.5,962.5,961.3,961.4,52
2022.08.23,10:00,961.2,965.8,961.2,965.7,150
2022.08.23,11:00,965.8,965.9,964.0,964.2,49
2022.08.23,12:00,964.0,964.6,963.5,964.0,17
2022.08.23,14:00,964.4,969.9,964.4,969.4,126
2022.08.23,15:00,969.5,976.7,969.5,975.5,300
2022.08.23,16:00,975.7,976.2,974.4,975.2,82
2022.08.24,09:00,975.9,975.9,972.5,973.2,60
2022.08.24,10:00,973.0,976.0,971.5,975.0,139
2022.08.24,11:00,975.5,979.4,973.7,978.5,182
2022.08.24,12:00,978.4,978.5,976.6,976.8,60
2022.08.24,14:00,977.4,977.4,969.8,976.7,204
2022.08.24,15:00,976.8,979.4,976.0,976.4,160
2022.08.24,16:00,976.2,976.8,974.5,976.0,85
2022.08.25,09:00,982.7,982.7,978.0,982.0,93
2022.08.25,10:00,981.9,983.3,980.3,982.5,165
2022.08.25,11:00,982.3,982.9,980.5,981.5,77
2022.08.25,12:00,981.9,982.2,980.9,981.5,28
2022.08.25,14:00,983.0,985.2,983.0,984.6,126
2022.08.25,15:00,985.0,985.5,982.8,984.1,100
2022.08.25,16:00,984.0,984.2,981.8,982.6,88
2022.08.26,09:00,986.9,986.9,982.9,983.5,71
2022.08.26,10:00,983.4,984.5,981.6,984.4,102
2022.08.26,11:00,984.5,984.5,979.5,980.8,182
2022.08.26,12:00,981.0,981.0,979.0,979.0,42
2022.08.26,14:00,978.9,982.4,978.6,982.4,78
2022.08.26,15:00,982.0,983.2,980.3,980.5,78
2022.08.26,16:00,980.6,983.0,980.5,982.7,66
2022.08.29,09:00,972.0,972.0,969.0,969.0,135
2022.08.29,10:00,968.9,971.5,967.4,968.5,179
2022.08.29,11:00,968.3,968.9,967.4,968.0,59
2022.08.29,12:00,968.5,969.5,968.1,968.2,37
2022.08.29,14:00,968.1,976.1,968.0,975.0,123
2022.08.29,15:00,974.9,974.9,970.5,970.5,100
2022.08.29,16:00,970.2,972.2,969.3,969.8,64
2022.08.30,09:00,972.1,973.5,972.1,972.8,43
2022.08.30,10:00,973.2,976.5,972.0,976.5,184
2022.08.30,11:00,976.8,978.0,975.6,977.9,91
2022.08.30,12:00,978.0,978.2,977.0,978.2,48
2022.08.30,14:00,978.3,981.4,978.3,979.6,128
2022.08.30,15:00,980.0,982.0,980.0,981.5,87
2022.08.30,16:00,981.9,982.9,980.3,980.5,116
2022.08.31,09:00,979.8,979.8,977.0,977.5,68
2022.08.31,10:00,977.2,980.8,976.8,978.8,117
2022.08.31,11:00,979.0,980.9,978.4,980.8,71
2022.08.31,12:00,980.5,984.3,980.5,983.0,77
2022.08.31,14:00,982.5,982.5,975.9,978.2,212
2022.08.31,15:00,978.1,979.0,975.3,978.8,125
2022.08.31,16:00,978.9,982.2,978.9,980.9,170
2022.08.31,17:00,980.8,980.8,980.8,980.8,1
2022.09.01,09:00,977.8,978.8,977.3,978.8,47
2022.09.01,10:00,978.7,980.1,975.1,975.1,151
2022.09.01,11:00,975.0,976.5,972.6,973.6,152
2022.09.01,12:00,973.3,973.3,969.7,969.7,100
2022.09.01,14:00,970.0,973.5,969.4,973.4,116
2022.09.01,15:00,973.5,974.2,968.9,970.2,128
2022.09.01,16:00,969.6,973.5,969.6,972.5,88
2022.09.02,09:00,972.1,973.0,971.0,971.6,43
2022.09.02,10:00,972.0,972.0,965.3,967.8,218
2022.09.02,11:00,967.7,969.9,967.3,969.2,91
2022.09.02,12:00,969.0,969.9,968.6,969.0,29
2022.09.02,14:00,969.3,970.8,967.8,969.2,64
2022.09.02,15:00,969.5,971.3,969.5,970.7,54
2022.09.02,16:00,970.3,970.3,968.6,969.4,59
2022.09.05,09:00,967.0,968.5,966.5,967.5,58
2022.09.05,10:00,967.8,970.2,966.5,968.0,117
2022.09.05,11:00,968.9,969.4,967.4,968.9,30
2022.09.05,12:00,968.5,968.5,967.0,967.2,31
2022.09.05,14:00,967.4,968.7,965.0,965.9,80
2022.09.05,15:00,965.7,968.7,965.6,968.7,90
2022.09.05,16:00,968.8,970.8,968.7,969.7,114
2022.09.06,09:00,972.0,973.6,970.9,973.0,97
2022.09.06,10:00,972.6,975.3,972.0,973.0,204
2022.09.06,11:00,972.9,974.9,972.6,973.5,72
2022.09.06,12:00,973.6,976.5,973.5,976.4,61
2022.09.06,14:00,977.5,979.2,977.2,977.8,192
2022.09.06,15:00,977.9,978.1,976.5,977.6,111
2022.09.06,16:00,977.5,977.8,976.7,977.2,81
2022.09.06,17:00,977.1,977.1,977.1,977.1,1
2022.09.07,09:00,974.5,974.6,971.0,973.0,93
2022.09.07,10:00,972.8,974.0,971.0,972.9,126
2022.09.07,11:00,972.6,973.3,971.5,972.9,72
2022.09.07,12:00,972.3,972.7,970.3,970.6,68
2022.09.07,14:00,971.6,974.0,970.0,974.0,99
2022.09.07,15:00,974.1,976.3,974.1,975.2,131
2022.09.07,16:00,975.1,976.7,974.2,976.7,99
2022.09.08,09:00,978.9,979.5,978.2,978.7,71
2022.09.08,10:00,978.4,980.9,978.4,978.8,198
2022.09.08,11:00,979.0,979.8,977.0,977.6,105
2022.09.08,12:00,977.4,978.4,977.0,977.5,37
2022.09.08,14:00,977.9,977.9,974.1,975.7,120
2022.09.08,15:00,975.1,977.6,974.4,977.5,94
2022.09.08,16:00,977.6,977.7,974.3,974.3,83
2022.09.09,09:00,978.9,979.7,978.6,978.7,56
2022.09.09,10:00,979.0,979.9,977.2,978.5,115
2022.09.09,11:00,978.6,979.0,978.2,978.7,43
2022.09.09,12:00,979.0,979.2,978.0,978.6,36
2022.09.09,14:00,979.2,980.8,979.2,980.5,129
2022.09.09,15:00,980.4,983.0,980.0,980.0,170
2022.09.09,16:00,979.9,981.8,979.9,981.7,123
2022.09.12,09:00,984.0,985.7,983.0,985.0,125
2022.09.12,10:00,985.3,988.0,985.3,988.0,298
2022.09.12,11:00,987.4,990.7,987.3,989.4,231
2022.09.12,12:00,989.5,989.8,989.0,989.5,65
2022.09.12,14:00,989.2,991.5,989.2,991.3,133
2022.09.12,15:00,991.2,992.6,991.2,991.6,86
2022.09.12,16:00,991.5,991.5,989.9,990.8,180
2022.09.13,09:00,994.0,994.0,991.6,993.1,136
2022.09.13,10:00,993.2,993.7,989.9,992.0,322
2022.09.13,11:00,991.8,993.3,991.8,992.9,152
2022.09.13,12:00,993.0,993.0,991.8,992.5,50
2022.09.13,14:00,993.3,993.3,990.3,992.7,106
2022.09.13,15:00,992.4,992.8,991.4,991.9,37
2022.09.13,16:00,992.1,992.6,991.4,992.5,62
2022.09.14,09:00,983.0,983.0,981.2,982.2,175
2022.09.14,10:00,982.0,984.5,981.5,984.0,193
2022.09.14,11:00,983.8,986.5,983.3,985.5,136
2022.09.14,12:00,985.9,986.1,985.3,985.9,22
2022.09.14,14:00,985.8,986.0,984.0,986.0,77
2022.09.14,15:00,985.6,989.9,985.6,988.6,200
2022.09.14,16:00,988.7,989.7,987.7,987.8,102
2022.09.15,09:00,989.2,989.2,986.9,987.0,83
2022.09.15,10:00,986.8,987.0,980.0,981.0,343
2022.09.15,11:00,980.8,983.0,980.1,982.5,136
2022.09.15,12:00,982.4,982.7,981.3,982.5,39
2022.09.15,14:00,982.8,986.6,981.8,983.0,158
2022.09.15,15:00,983.2,983.2,979.4,980.8,197
2022.09.15,16:00,981.0,981.2,978.5,978.9,140
2022.09.16,09:00,973.5,975.9,973.5,975.7,112
2022.09.16,10:00,975.8,976.7,972.5,973.8,292
2022.09.16,11:00,973.7,975.6,973.3,973.7,100
2022.09.16,12:00,974.2,974.5,973.8,973.9,29
2022.09.16,14:00,973.6,975.2,972.0,974.1,161
2022.09.16,15:00,974.2,974.3,972.0,974.2,119
2022.09.16,16:00,974.3,976.2,972.0,972.9,218
2022.09.19,09:00,974.3,975.6,972.8,975.5,80
2022.09.19,10:00,975.0,975.0,971.5,974.3,168
2022.09.19,11:00,974.4,974.5,972.6,973.5,67
2022.09.19,12:00,973.2,975.0,973.0,974.7,29
2022.09.19,14:00,973.5,973.5,972.1,972.6,64
2022.09.19,15:00,972.4,974.8,971.8,973.0,82
2022.09.19,16:00,972.8,973.4,972.3,972.5,77
2022.09.20,09:00,976.1,977.4,975.7,976.5,67
2022.09.20,10:00,976.4,978.9,976.1,978.9,192
2022.09.20,11:00,979.0,979.2,978.3,978.9,104
2022.09.20,12:00,979.2,979.2,978.0,978.1,45
2022.09.20,14:00,978.5,979.3,974.2,974.9,198
2022.09.20,15:00,974.8,976.6,974.4,975.0,110
2022.09.20,16:00,974.7,975.6,974.2,975.4,78
2022.09.21,09:00,972.6,974.9,971.3,974.1,96
2022.09.21,10:00,974.0,974.7,972.7,974.0,103
2022.09.21,11:00,973.9,975.9,973.1,973.1,116
2022.09.21,12:00,973.5,974.1,973.2,973.9,19
2022.09.21,14:00,973.4,975.0,972.5,974.2,97
2022.09.21,15:00,974.4,974.5,973.7,973.8,25
2022.09.21,16:00,974.0,975.2,973.8,975.2,91
2022.09.22,09:00,971.0,971.2,969.6,970.3,162
2022.09.22,10:00,970.7,970.7,968.0,969.8,225
2022.09.22,11:00,969.7,972.0,969.0,971.8,115
2022.09.22,12:00,971.9,973.0,971.5,971.5,53
2022.09.22,14:00,971.4,977.0,970.8,976.8,204
2022.09.22,15:00,976.9,980.6,976.5,979.8,352
2022.09.22,16:00,979.7,980.1,979.0,980.0,124
2022.09.23,09:00,978.1,979.3,976.6,976.6,118
2022.09.23,10:00,976.8,978.6,976.0,976.3,205
2022.09.23,11:00,976.2,977.0,975.1,975.7,136
2022.09.23,12:00,975.6,976.6,975.5,976.0,28
2022.09.23,14:00,975.4,975.6,973.3,974.1,171
2022.09.23,15:00,974.0,975.2,973.0,973.0,95
2022.09.23,16:00,972.9,973.0,970.1,970.3,229
2022.09.26,09:00,965.0,966.0,964.0,964.5,144
2022.09.26,10:00,964.3,966.7,962.0,963.8,320
2022.09.26,11:00,963.7,964.9,962.5,963.5,184
2022.09.26,12:00,963.6,963.6,961.6,963.4,151
2022.09.26,14:00,964.2,968.8,964.2,965.6,300
2022.09.26,15:00,965.9,967.4,964.5,966.5,142
2022.09.26,16:00,966.7,966.8,964.8,965.4,140
2022.09.27,09:00,968.0,968.0,966.0,966.8,105
2022.09.27,10:00,966.7,969.3,966.2,968.7,252
2022.09.27,11:00,968.6,968.7,965.5,965.9,188
2022.09.27,12:00,965.8,966.2,963.5,964.5,155
2022.09.27,14:00,965.8,970.5,965.4,969.0,304
2022.09.27,15:00,969.3,969.5,964.5,965.3,275
2022.09.27,16:00,965.2,966.0,962.9,963.3,196
2022.09.28,09:00,959.4,959.4,956.6,958.0,206
2022.09.28,10:00,957.8,958.0,956.3,957.3,282
2022.09.28,11:00,957.2,957.9,956.1,957.6,116
2022.09.28,12:00,957.5,960.0,957.5,959.0,131
2022.09.28,14:00,958.5,960.6,955.7,959.3,301
2022.09.28,15:00,959.5,959.7,957.6,958.8,156
2022.09.28,16:00,958.4,958.4,955.3,955.7,235
2022.09.29,09:00,960.5,962.5,960.5,961.8,158
2022.09.29,10:00,962.0,963.4,959.5,962.8,307
2022.09.29,11:00,962.9,964.0,962.3,963.3,204
2022.09.29,12:00,963.0,963.3,962.4,962.6,58
2022.09.29,14:00,960.6,960.6,955.8,957.8,430
2022.09.29,15:00,957.7,957.9,950.1,950.4,481
2022.09.29,16:00,950.3,953.6,949.2,952.1,576
2022.09.29,17:00,951.7,951.7,951.7,951.7,1
2022.09.30,09:00,951.8,952.0,949.8,951.4,189
2022.09.30,10:00,951.6,952.1,947.7,949.2,510
2022.09.30,11:00,949.1,950.8,947.8,950.6,257
2022.09.30,12:00,950.7,950.7,949.8,950.6,81
2022.09.30,14:00,951.9,953.4,948.7,949.4,274
2022.09.30,15:00,949.5,951.3,946.0,949.7,624
2022.09.30,16:00,949.5,949.6,946.0,946.3,322
2022.10.03,09:00,944.4,946.4,944.0,945.9,174
2022.10.03,10:00,945.6,947.1,941.1,941.2,516
2022.10.03,11:00,941.3,943.1,938.9,939.0,396
2022.10.03,12:00,939.1,939.1,937.0,937.0,247
2022.10.03,14:00,938.0,939.9,937.7,938.5,386
2022.10.03,15:00,938.1,938.6,933.7,934.1,360
2022.10.03,16:00,934.0,936.4,932.6,935.1,442
2022.10.04,09:00,943.0,943.7,941.8,942.8,220
2022.10.04,10:00,942.5,942.7,935.4,936.5,550
2022.10.04,11:00,936.4,939.4,935.8,939.3,223
2022.10.04,12:00,939.2,939.3,938.0,938.0,89
2022.10.04,14:00,939.4,940.7,937.8,939.4,279
2022.10.04,15:00,939.1,940.8,938.7,938.9,188
2022.10.04,16:00,939.0,939.1,935.6,938.8,335
2022.10.05,09:00,940.0,943.3,940.0,943.1,236
2022.10.05,10:00,943.0,943.2,940.6,942.4,297
2022.10.05,11:00,942.5,942.5,937.7,939.5,311
2022.10.05,12:00,939.4,940.6,939.2,940.3,79
2022.10.05,14:00,940.0,942.0,937.9,940.7,228
2022.10.05,15:00,940.8,941.4,937.9,939.6,283
2022.10.05,16:00,939.3,939.4,936.2,936.5,198
2022.10.06,09:00,940.2,942.7,940.1,942.6,189
2022.10.06,10:00,942.7,946.7,941.6,946.5,537
2022.10.06,11:00,946.7,947.2,944.8,946.3,261
2022.10.06,12:00,946.4,947.0,945.8,946.3,90
2022.10.06,14:00,944.0,947.5,943.8,947.5,305
2022.10.06,15:00,947.4,948.0,944.9,945.5,281
2022.10.06,16:00,945.2,945.5,941.8,942.6,310
2022.10.07,09:00,941.0,943.2,940.4,942.8,141
2022.10.07,10:00,942.6,942.8,937.8,937.8,444
2022.10.07,11:00,937.7,939.3,937.0,937.3,306
2022.10.07,12:00,937.1,938.3,936.1,936.8,157
2022.10.07,14:00,937.1,939.1,934.7,935.8,288
2022.10.07,15:00,935.9,937.4,935.7,937.4,171
2022.10.07,16:00,937.2,941.5,937.2,941.4,325
2022.10.10,09:00,933.5,934.7,931.5,931.6,239
2022.10.10,10:00,931.5,933.4,930.7,931.9,409
2022.10.10,11:00,931.8,932.8,931.6,932.2,104
2022.10.10,12:00,932.1,932.4,929.4,931.0,193
2022.10.10,14:00,930.5,933.4,929.9,931.0,306
2022.10.10,15:00,931.2,932.3,930.7,931.8,169
2022.10.10,16:00,931.9,932.8,931.8,932.5,168
2022.10.11,09:00,930.0,930.0,927.6,927.8,196
2022.10.11,10:00,927.9,928.8,926.1,927.5,402
2022.10.11,11:00,927.4,929.5,927.2,928.9,157
2022.10.11,12:00,928.7,929.1,927.7,928.9,71
2022.10.11,14:00,927.0,930.8,927.0,928.6,211
2022.10.11,15:00,928.7,929.6,927.4,927.7,141
2022.10.11,16:00,927.6,928.6,926.6,926.9,178
2022.10.12,09:00,927.5,930.5,927.2,928.3,182
2022.10.12,10:00,928.2,929.7,927.6,928.2,315
2022.10.12,11:00,928.1,931.2,928.0,931.2,222
2022.10.12,12:00,931.3,931.6,929.7,930.0,84
2022.10.12,14:00,931.2,931.5,929.3,930.0,145
2022.10.12,15:00,930.2,930.5,928.5,929.2,148
2022.10.12,16:00,929.3,931.7,929.1,931.7,176
2022.10.17,09:00,931.0,931.0,927.3,927.5,222
2022.10.17,10:00,927.4,929.6,924.5,927.1,623
2022.10.17,11:00,927.0,928.0,925.0,927.3,228
2022.10.17,12:00,927.4,930.4,927.2,930.3,150
2022.10.17,14:00,931.2,935.0,931.2,935.0,429
2022.10.17,15:00,935.1,936.6,934.5,935.7,278
2022.10.17,16:00,935.9,936.6,935.2,935.7,189
2022.10.18,09:00,937.5,939.3,936.5,938.9,165
2022.10.18,10:00,939.0,940.3,938.1,939.8,324
2022.10.18,11:00,939.6,941.7,939.0,940.7,241
2022.10.18,12:00,941.0,941.8,940.2,941.5,109
2022.10.18,14:00,941.3,944.2,940.5,944.0,210
2022.10.18,15:00,944.1,945.3,942.4,942.5,324
2022.10.18,16:00,942.3,944.3,942.2,944.0,234
2022.10.19,09:00,944.2,946.2,943.9,945.4,131
2022.10.19,10:00,945.5,947.0,945.1,945.5,313
2022.10.19,11:00,945.6,945.9,943.4,943.4,180
2022.10.19,12:00,943.5,945.0,943.5,943.9,83
2022.10.19,14:00,943.0,944.7,942.1,943.9,191
2022.10.19,15:00,943.8,944.2,941.7,943.7,181
2022.10.19,16:00,943.6,946.0,943.2,945.7,255
2022.10.20,09:00,942.5,943.7,942.0,942.1,144
2022.10.20,10:00,942.3,944.6,940.9,944.1,299
2022.10.20,11:00,944.0,949.8,943.3,949.5,575
2022.10.20,12:00,949.6,952.0,948.5,951.6,265
2022.10.20,14:00,950.7,951.1,948.9,950.5,223
2022.10.20,15:00,950.7,953.2,949.7,952.0,250
2022.10.20,16:00,951.9,953.8,951.9,952.5,223
2022.10.21,09:00,952.8,952.8,950.7,951.3,130
2022.10.21,10:00,951.5,953.6,951.1,951.8,267
2022.10.21,11:00,951.7,951.7,949.8,950.8,192
2022.10.21,12:00,950.7,952.1,950.5,950.8,57
2022.10.21,14:00,950.5,955.1,950.5,953.9,282
2022.10.21,15:00,954.0,954.3,951.7,952.0,191
2022.10.21,16:00,951.8,953.9,951.8,953.7,169
2022.10.25,09:00,960.0,960.0,956.9,957.7,200
2022.10.25,10:00,957.9,960.1,957.8,959.1,328
2022.10.25,11:00,959.3,960.4,959.3,960.2,185
2022.10.25,12:00,960.1,960.3,958.4,959.2,122
2022.10.25,14:00,959.7,961.0,958.0,959.0,238
2022.10.25,15:00,959.2,960.0,958.9,959.3,128
2022.10.25,16:00,959.2,960.2,958.9,959.0,172
2022.10.26,09:00,962.5,964.0,962.1,962.8,159
2022.10.26,10:00,962.9,963.1,960.5,962.7,260
2022.10.26,11:00,962.8,963.0,960.9,961.0,117
2022.10.26,12:00,961.1,961.3,959.0,960.0,192
2022.10.26,14:00,961.0,962.1,960.2,961.2,166
2022.10.26,15:00,961.1,961.8,960.5,960.9,101
2022.10.26,16:00,960.7,960.7,959.4,959.9,175
2022.10.27,09:00,961.0,963.2,961.0,962.3,163
2022.10.27,10:00,962.2,964.2,960.7,963.8,317
2022.10.27,11:00,963.9,964.5,963.2,963.8,177
2022.10.27,12:00,963.7,963.8,962.6,963.5,81
2022.10.27,14:00,963.0,966.8,962.6,966.7,286
2022.10.27,15:00,966.6,968.7,966.3,968.1,259
2022.10.27,16:00,968.0,968.5,967.4,967.8,152
2022.10.28,09:00,970.0,970.0,966.5,966.8,148
2022.10.28,10:00,966.6,970.3,966.6,968.7,288
2022.10.28,11:00,968.8,969.7,968.4,969.5,137
2022.10.28,12:00,969.3,969.3,968.2,968.2,60
2022.10.28,14:00,967.8,967.8,965.5,967.1,249
2022.10.28,15:00,967.2,969.5,967.0,969.2,208
2022.10.28,16:00,969.0,971.0,968.3,971.0,202
2022.10.31,09:00,976.0,976.5,974.5,975.7,226
2022.10.31,10:00,975.8,977.4,975.4,976.5,399
2022.10.31,11:00,976.6,977.0,976.3,976.8,97
2022.10.31,12:00,976.7,976.8,976.3,976.5,56
2022.10.31,14:00,976.4,976.8,975.5,976.0,124
2022.10.31,15:00,975.8,975.8,971.1,973.3,361
2022.10.31,16:00,973.2,973.3,970.1,972.8,285
2022.11.01,09:00,975.5,977.1,975.3,976.3,188
2022.11.01,10:00,976.2,979.8,976.2,978.0,349
2022.11.01,11:00,977.9,978.4,976.8,977.4,151
2022.11.01,12:00,977.3,978.1,977.1,977.8,47
2022.11.01,14:00,978.4,980.1,977.5,979.9,288
2022.11.01,15:00,980.0,985.5,980.0,984.9,484
2022.11.01,16:00,985.0,986.3,984.5,986.3,279
2022.11.02,09:00,986.0,986.0,984.1,984.8,145
2022.11.02,10:00,984.6,986.4,982.7,984.3,429
2022.11.02,11:00,984.2,985.3,982.3,984.5,174
2022.11.02,12:00,984.9,985.2,984.4,984.7,61
2022.11.02,14:00,984.5,984.8,983.1,984.3,120
2022.11.02,15:00,984.1,989.0,984.0,987.8,479
2022.11.02,16:00,987.9,987.9,984.2,984.5,277
2022.11.03,09:00,980.0,981.9,980.0,981.3,216
2022.11.03,10:00,981.1,985.3,981.0,985.1,315
2022.11.03,11:00,985.0,985.2,982.0,982.4,209
2022.11.03,12:00,982.3,983.4,981.6,983.2,73
2022.11.03,14:00,983.0,984.1,981.5,984.1,160
2022.11.03,15:00,984.0,986.8,982.8,984.3,342
2022.11.03,16:00,984.4,985.2,981.7,981.7,179
2022.11.04,09:00,982.5,985.5,982.5,985.4,154
2022.11.04,10:00,985.5,987.2,984.3,986.1,307
2022.11.04,11:00,986.2,987.6,985.3,987.4,134
2022.11.04,12:00,987.3,989.4,987.1,988.7,156
2022.11.04,14:00,988.8,990.0,985.4,986.6,415
2022.11.04,15:00,986.5,987.2,983.4,983.4,257
2022.11.04,16:00,983.3,984.0,978.8,979.6,658
2022.11.07,09:00,984.5,986.3,983.5,985.3,245
2022.11.07,10:00,985.4,987.5,985.1,986.2,430
2022.11.07,11:00,985.9,986.5,985.3,985.3,106
2022.11.07,12:00,985.5,986.0,984.7,985.7,80
2022.11.07,14:00,985.0,986.5,979.2,980.4,464
2022.11.07,15:00,980.3,984.0,979.4,981.4,548
2022.11.07,16:00,981.2,983.5,979.5,982.3,314
2022.11.08,09:00,986.8,986.8,984.1,984.8,178
2022.11.08,10:00,985.0,988.1,984.7,988.1,314
2022.11.08,11:00,988.0,988.5,986.4,988.0,302
2022.11.08,12:00,988.2,988.7,987.4,987.7,111
2022.11.08,14:00,987.0,988.6,985.8,987.7,186
2022.11.08,15:00,987.6,988.0,986.4,987.9,139
2022.11.08,16:00,988.0,990.0,987.0,989.7,325
2022.11.09,09:00,992.8,993.2,989.7,990.3,229
2022.11.09,10:00,990.2,990.4,985.0,985.2,686
2022.11.09,11:00,985.5,987.2,985.0,986.1,239
2022.11.09,12:00,985.9,986.4,985.5,985.8,50
2022.11.09,14:00,985.7,986.6,980.5,980.5,439
2022.11.09,15:00,980.4,983.0,979.9,981.9,323
2022.11.09,16:00,982.0,982.8,979.2,982.0,300
2022.11.10,09:00,976.7,978.2,975.3,976.2,366
2022.11.10,10:00,976.1,979.0,974.8,978.7,473
2022.11.10,11:00,978.8,982.5,978.6,981.9,541
2022.11.10,12:00,982.0,983.2,981.8,982.5,236
2022.11.10,14:00,982.4,982.9,979.6,979.7,402
2022.11.10,15:00,979.6,983.0,979.5,982.2,387
2022.11.10,16:00,982.1,983.0,980.8,981.5,256
2022.11.11,09:00,995.0,998.3,995.0,995.7,596
2022.11.11,10:00,995.6,997.8,990.7,991.1,788
2022.11.11,11:00,991.0,993.2,991.0,992.7,255
2022.11.11,12:00,992.5,992.8,991.8,992.7,69
2022.11.11,14:00,993.7,997.5,993.7,996.9,374
2022.11.11,15:00,997.0,997.5,995.0,997.4,249
2022.11.11,16:00,997.3,997.4,994.9,997.1,336
2022.11.14,09:00,994.5,994.5,991.8,992.3,281
2022.11.14,10:00,992.2,995.8,991.8,992.5,380
2022.11.14,11:00,992.4,992.4,988.3,988.3,401
2022.11.14,12:00,988.4,988.5,985.5,986.1,329
2022.11.14,14:00,986.0,987.4,984.4,986.3,344
2022.11.14,15:00,986.5,989.7,984.8,986.8,478
2022.11.14,16:00,986.7,987.2,984.6,986.7,292
2022.11.15,09:00,983.7,988.0,983.7,986.7,226
2022.11.15,10:00,986.8,992.1,986.7,988.8,597
2022.11.15,11:00,988.9,989.4,984.7,986.4,340
2022.11.15,12:00,986.2,986.7,985.8,986.0,97
2022.11.15,14:00,986.6,988.9,982.6,986.5,490
2022.11.15,15:00,986.8,987.6,986.1,987.2,146
2022.11.15,16:00,987.4,987.7,986.1,987.6,188
2022.11.16,09:00,987.0,987.0,982.5,983.0,242
2022.11.16,10:00,982.9,984.9,981.3,981.7,496
2022.11.16,11:00,981.6,982.7,980.2,980.2,280
2022.11.16,12:00,980.1,981.7,980.0,980.7,188
2022.11.16,14:00,981.2,981.9,980.1,980.5,205
2022.11.16,15:00,980.6,981.2,977.4,978.0,402
2022.11.16,16:00,978.1,979.4,978.1,978.7,228
2022.11.17,09:00,976.3,977.5,975.4,976.4,167
2022.11.17,10:00,976.5,976.7,974.2,976.7,436
2022.11.17,11:00,976.8,978.2,975.8,976.3,327
2022.11.17,12:00,976.2,977.1,975.9,976.5,60
2022.11.17,14:00,977.2,977.7,976.1,976.9,136
2022.11.17,15:00,977.0,977.9,976.0,976.0,147
2022.11.17,16:00,975.9,976.7,974.7,974.8,203
2022.11.18,09:00,974.0,978.5,973.7,977.2,225
2022.11.18,10:00,977.1,978.9,974.6,976.5,399
2022.11.18,11:00,976.4,977.3,975.8,976.8,128
2022.11.18,12:00,977.0,977.7,976.5,976.9,67
2022.11.18,14:00,976.8,978.0,976.8,977.6,100
2022.11.18,15:00,977.5,977.8,975.8,977.0,151
2022.11.18,16:00,976.6,978.3,976.5,978.0,144
2022.11.21,09:00,975.4,975.9,972.7,972.7,260
2022.11.21,10:00,972.6,974.7,972.3,974.4,271
2022.11.21,11:00,974.2,982.8,974.0,982.8,563
2022.11.21,12:00,982.9,983.5,981.3,981.9,255
2022.11.21,14:00,982.0,982.5,979.7,980.1,210
2022.11.21,15:00,980.0,981.6,979.1,980.1,215
2022.11.21,16:00,980.2,980.9,978.9,979.0,213
2022.11.22,09:00,980.2,982.0,979.9,981.5,197
2022.11.22,10:00,981.6,985.3,981.5,983.0,588
2022.11.22,11:00,982.9,982.9,980.5,980.8,248
2022.11.22,12:00,980.9,981.0,977.3,977.6,382
2022.11.22,14:00,977.3,979.1,977.0,978.7,270
2022.11.22,15:00,978.9,978.9,976.2,977.1,300
2022.11.22,16:00,977.0,978.5,976.8,978.1,148
2022.11.23,09:00,982.0,983.1,980.9,981.3,267
2022.11.23,10:00,981.4,984.0,980.2,984.0,428
2022.11.23,11:00,984.1,984.7,982.0,983.5,249
2022.11.23,12:00,983.6,985.2,982.9,985.0,211
2022.11.23,14:00,984.9,986.0,982.8,983.3,258
2022.11.23,15:00,983.4,983.9,982.5,983.6,155
2022.11.23,16:00,983.5,986.0,983.0,985.9,279
2022.11.24,09:00,987.0,987.5,986.2,986.8,150
2022.11.24,10:00,986.9,986.9,983.3,984.1,497
2022.11.24,11:00,984.0,985.0,983.8,984.3,129
2022.11.24,12:00,984.4,984.9,983.8,983.8,53
2022.11.24,14:00,983.7,984.9,981.7,982.8,333
2022.11.24,15:00,982.7,984.7,982.1,984.1,231
2022.11.24,16:00,984.2,984.2,981.7,982.7,257
2022.11.25,09:00,982.0,982.4,981.0,981.1,182
2022.11.25,10:00,981.2,981.2,977.2,978.2,559
2022.11.25,11:00,978.1,979.6,977.6,978.2,199
2022.11.25,12:00,978.3,978.5,977.6,977.9,96
2022.11.25,14:00,977.5,979.5,977.2,978.0,170
2022.11.25,15:00,977.8,978.8,977.8,978.6,112
2022.11.25,16:00,978.8,978.8,977.3,977.4,194
2022.11.28,09:00,973.8,974.6,973.1,973.4,277
2022.11.28,10:00,973.3,976.5,972.0,976.2,446
2022.11.28,11:00,976.3,977.5,975.4,976.7,257
2022.11.28,12:00,976.6,976.7,975.2,975.2,128
2022.11.28,14:00,975.4,978.4,975.4,977.3,233
2022.11.28,15:00,977.0,978.0,976.6,977.1,152
2022.11.28,16:00,977.0,977.1,973.7,974.0,234
2022.11.29,09:00,975.0,977.5,975.0,977.2,207
2022.11.29,10:00,977.1,982.7,976.0,982.4,758
2022.11.29,11:00,982.3,982.9,981.7,982.4,213
2022.11.29,12:00,982.3,983.7,982.3,983.7,197
2022.11.29,14:00,982.6,983.4,980.4,981.9,353
2022.11.29,15:00,982.0,983.5,981.8,982.2,180
2022.11.29,16:00,982.1,982.3,981.0,982.2,231
2022.11.30,09:00,982.3,984.7,982.3,983.9,232
2022.11.30,10:00,983.7,983.7,980.4,982.0,431
2022.11.30,11:00,981.9,983.0,981.7,982.6,115
2022.11.30,12:00,982.7,984.1,982.5,984.1,108
2022.11.30,14:00,984.3,986.1,984.1,985.5,339
2022.11.30,15:00,985.6,988.2,985.6,987.0,473
2022.11.30,16:00,987.2,989.0,987.2,989.0,333
2022.12.01,09:00,993.8,994.3,993.0,993.3,231
2022.12.01,10:00,993.2,993.5,990.1,990.5,528
2022.12.01,11:00,990.4,990.9,989.4,989.9,256
2022.12.01,12:00,989.7,991.7,989.7,991.2,104
2022.12.01,14:00,991.0,992.1,988.4,989.8,318
2022.12.01,15:00,989.7,990.5,987.5,988.6,370
2022.12.01,16:00,988.5,989.0,987.9,988.4,265
2022.12.02,09:00,987.0,989.5,985.8,987.8,228
2022.12.02,10:00,987.9,989.2,983.4,984.7,700
2022.12.02,11:00,984.6,985.0,983.3,984.0,301
2022.12.02,12:00,983.9,984.5,983.2,983.7,116
2022.12.02,14:00,984.5,985.0,983.1,984.1,164
2022.12.02,15:00,984.3,984.3,983.2,983.9,100
2022.12.02,16:00,983.8,983.9,981.8,983.0,280
2022.12.06,09:00,981.6,981.7,979.0,980.1,256
2022.12.06,10:00,980.0,983.0,978.6,981.1,519
2022.12.06,11:00,981.2,981.2,980.0,980.2,186
2022.12.06,12:00,980.1,980.4,977.7,977.9,300
2022.12.06,14:00,977.8,979.3,976.8,979.3,309
2022.12.06,15:00,979.4,980.4,977.1,980.1,343
2022.12.06,16:00,980.2,980.2,978.4,978.8,230
2022.12.07,09:00,976.5,978.2,976.0,978.0,206
2022.12.07,10:00,977.8,981.9,977.0,980.4,542
2022.12.07,11:00,980.3,981.3,979.8,979.8,162
2022.12.07,12:00,979.9,980.5,978.5,979.5,147
2022.12.07,14:00,978.0,978.9,975.3,975.5,603
2022.12.07,15:00,975.4,976.6,974.7,975.9,340
2022.12.07,16:00,976.0,976.3,974.9,975.3,232
2022.12.08,09:00,974.0,976.4,973.8,975.0,194
2022.12.08,10:00,975.1,975.2,970.4,971.1,742
2022.12.08,11:00,971.0,972.3,970.3,971.7,306
2022.12.08,12:00,971.8,971.9,970.3,970.3,122
2022.12.08,14:00,971.8,973.3,971.2,972.4,283
2022.12.08,15:00,972.5,972.5,970.5,971.2,202
2022.12.08,16:00,971.1,971.9,970.2,970.8,262
2022.12.09,09:00,972.6,973.8,972.5,973.6,179
2022.12.09,10:00,973.5,974.2,971.6,972.9,307
2022.12.09,11:00,973.0,975.1,972.9,974.8,351
2022.12.09,12:00,974.7,975.1,974.1,974.5,91
2022.12.09,14:00,974.4,976.9,974.0,976.7,318
2022.12.09,15:00,976.8,977.1,975.0,975.1,282
2022.12.09,16:00,975.0,975.5,974.3,975.5,286
2022.12.13,09:00,977.7,978.0,976.3,977.4,165
2022.12.13,10:00,977.2,977.5,974.2,974.2,371
2022.12.13,11:00,974.1,974.1,972.8,973.6,307
2022.12.13,12:00,973.5,974.8,973.0,974.5,102
2022.12.13,14:00,975.0,976.0,974.4,975.8,216
2022.12.13,15:00,975.9,976.0,973.2,973.5,242
2022.12.13,16:00,973.7,974.9,973.3,974.6,177
2022.12.14,09:00,976.5,977.0,976.1,976.7,214
2022.12.14,10:00,976.8,980.2,976.6,979.8,648
2022.12.14,11:00,979.9,980.9,977.8,978.8,381
2022.12.14,12:00,978.9,980.0,978.6,979.5,170
2022.12.14,14:00,980.0,980.4,978.6,979.0,221
2022.12.14,15:00,978.9,979.1,978.2,978.4,170
2022.12.14,16:00,978.3,979.1,978.2,979.0,211
2022.12.15,09:00,976.0,977.1,976.0,976.7,205
2022.12.15,10:00,976.6,976.9,974.2,974.2,602
2022.12.15,11:00,974.3,974.3,971.3,972.0,697
2022.12.15,12:00,971.9,972.9,971.8,972.1,198
2022.12.15,14:00,972.0,974.5,971.5,971.7,444
2022.12.15,15:00,971.8,972.2,970.4,971.4,601
2022.12.15,16:00,971.3,971.4,970.3,970.3,309
2022.12.16,09:00,967.0,968.4,966.0,967.8,417
2022.12.16,10:00,967.9,972.0,967.9,971.8,694
2022.12.16,11:00,971.9,971.9,969.3,969.5,354
2022.12.16,12:00,969.4,971.2,969.2,971.0,135
2022.12.16,14:00,971.2,972.0,970.9,971.1,212
2022.12.16,15:00,971.0,973.5,971.0,972.4,430
2022.12.16,16:00,972.5,974.0,972.2,974.0,376
2022.12.19,09:00,973.9,974.6,971.5,971.7,336
2022.12.19,10:00,971.6,973.0,970.4,971.7,556
2022.12.19,11:00,971.6,975.9,971.5,974.8,629
2022.12.19,12:00,974.9,975.6,973.9,974.5,155
2022.12.19,14:00,974.7,975.0,969.6,970.5,758
2022.12.19,15:00,970.4,972.8,970.1,971.8,388
2022.12.19,16:00,971.9,973.5,971.1,972.7,437
2022.12.20,09:00,972.0,973.0,971.2,972.6,229
2022.12.20,10:00,972.8,972.8,968.7,970.2,908
2022.12.20,11:00,970.1,970.4,966.4,966.8,960
2022.12.20,12:00,966.7,968.1,966.5,967.6,220
2022.12.20,14:00,968.1,968.9,967.5,967.8,326
2022.12.20,15:00,967.6,968.4,966.0,968.0,549
2022.12.20,16:00,968.1,969.1,967.4,968.9,447
2022.12.21,09:00,971.0,971.7,969.6,970.0,350
2022.12.21,10:00,970.2,970.5,967.0,968.9,719
2022.12.21,11:00,968.8,968.8,966.1,966.8,421
2022.12.21,12:00,966.7,967.8,966.4,966.9,190
2022.12.21,14:00,967.2,969.2,965.5,968.3,548
2022.12.21,15:00,968.5,968.7,967.3,967.7,373
2022.12.21,16:00,967.8,968.7,967.5,968.6,364
2022.12.22,09:00,971.0,972.3,970.8,971.4,520
2022.12.22,10:00,971.5,973.0,969.8,972.6,1199
2022.12.22,11:00,972.7,972.9,971.5,972.0,465
2022.12.22,12:00,971.9,972.3,971.3,971.8,183
2022.12.22,14:00,971.4,971.7,970.5,971.2,313
2022.12.22,15:00,971.0,972.4,971.0,971.5,338
2022.12.22,16:00,971.4,971.8,971.1,971.1,328
2022.12.23,09:00,969.0,969.6,968.6,968.8,451
2022.12.23,10:00,968.9,970.1,967.7,970.0,1780
2022.12.23,11:00,970.1,971.9,969.7,971.6,1327
2022.12.23,12:00,971.7,972.2,970.7,972.0,623
2022.12.23,14:00,972.1,972.4,970.7,971.0,862
2022.12.23,15:00,971.1,973.9,970.8,973.2,1250
2022.12.23,16:00,973.3,974.4,972.3,973.1,1339
2022.12.26,09:00,975.0,975.8,974.3,975.8,369
2022.12.26,10:00,975.6,977.8,975.4,977.8,1275
2022.12.26,11:00,977.7,978.4,977.1,977.7,787
2022.12.26,12:00,977.8,978.2,976.9,977.4,350
2022.12.26,14:00,977.5,978.0,977.1,977.5,442
2022.12.26,15:00,977.6,977.7,976.5,977.3,443
2022.12.26,16:00,977.2,978.6,976.8,978.5,591
2022.12.27,09:00,981.6,982.1,980.8,981.5,866
2022.12.27,10:00,981.4,987.3,981.3,987.3,3394
2022.12.27,11:00,987.1,989.2,986.8,989.2,2519
2022.12.27,12:00,989.1,992.0,989.1,991.8,1504
2022.12.27,14:00,991.7,995.3,991.5,994.9,2192
2022.12.27,15:00,994.8,995.8,993.5,995.3,2284
2022.12.27,16:00,995.2,996.5,993.6,994.6,1917
2022.12.28,09:00,995.2,995.2,992.4,993.0,1015
2022.12.28,10:00,993.1,996.2,992.9,995.4,2815
2022.12.28,11:00,995.5,997.4,995.1,995.6,1612
2022.12.28,12:00,995.7,996.6,995.6,995.6,624
2022.12.28,14:00,996.6,997.7,996.0,996.9,1169
2022.12.28,15:00,996.8,998.2,996.7,997.0,1142
2022.12.28,16:00,996.9,998.0,996.5,997.1,1131
2022.12.29,09:00,994.3,995.8,994.1,994.2,563
2022.12.29,10:00,994.1,997.7,993.8,997.6,1843
2022.12.29,11:00,997.5,999.3,997.0,998.9,1106
2022.12.29,12:00,998.8,1001.6,998.8,999.7,870
2022.12.29,14:00,999.6,1000.4,999.3,999.3,511
2022.12.29,15:00,999.2,1001.1,997.4,1001.0,1027
2022.12.29,16:00,1001.1,1004.1,1000.4,1002.4,2352
2022.12.30,09:00,1003.5,1005.0,1003.2,1004.9,566
2022.12.30,10:00,1004.8,1009.9,1004.8,1009.6,1851
2022.12.30,11:00,1009.7,1010.0,1008.4,1009.4,832
2022.12.30,12:00,1009.5,1009.7,1009.0,1009.1,362
2022.12.30,14:00,1008.8,1009.9,1006.7,1007.7,1182
2022.12.30,15:00,1007.6,1009.1,1007.5,1007.8,761
2022.12.30,16:00,1007.7,1008.6,1005.1,1007.5,1838
2023.01.03,09:00,1007.0,1008.7,1004.3,1008.6,980
2023.01.03,10:00,1008.7,1009.4,1005.8,1008.7,1784
2023.01.03,11:00,1008.8,1009.0,1003.5,1004.1,1467
2023.01.03,12:00,1004.0,1006.8,1003.9,1005.6,524
2023.01.03,14:00,1005.2,1009.0,1004.8,1008.0,929
2023.01.03,15:00,1007.9,1008.7,1007.1,1008.6,665
2023.01.03,16:00,1008.5,1008.9,1007.4,1008.1,1022
2023.01.04,09:00,1008.0,1008.9,1006.4,1008.7,544
2023.01.04,10:00,1008.6,1011.2,1004.2,1004.9,4033
2023.01.04,11:00,1005.0,1006.6,1004.2,1006.0,1045
2023.01.04,12:00,1006.1,1007.3,1005.6,1005.7,323
2023.01.04,14:00,1005.9,1007.0,1005.2,1005.6,655
2023.01.04,15:00,1005.7,1005.9,1001.7,1004.7,2033
2023.01.04,16:00,1004.9,1005.9,1004.3,1005.5,1054
2023.01.05,09:00,1004.2,1006.6,1004.2,1004.7,767
2023.01.05,10:00,1004.8,1006.0,1002.6,1002.9,2068
2023.01.05,11:00,1003.0,1004.4,1002.8,1003.8,954
2023.01.05,12:00,1003.7,1004.2,1003.3,1003.8,320
2023.01.05,14:00,1003.6,1003.9,998.2,998.6,2305
2023.01.05,15:00,998.5,1000.4,998.2,1000.0,1250
2023.01.05,16:00,999.9,1000.0,998.5,999.8,1204
2023.01.06,09:00,999.0,1002.3,998.6,1002.1,775
2023.01.06,10:00,1002.2,1006.0,1002.0,1006.0,2739
2023.01.06,11:00,1005.9,1006.9,1005.0,1006.3,1081
2023.01.06,12:00,1006.4,1006.5,1004.0,1004.5,482
2023.01.06,14:00,1005.0,1005.2,1002.8,1004.7,909
2023.01.06,15:00,1004.9,1005.0,1003.3,1004.6,569
2023.01.06,16:00,1004.7,1004.9,1003.0,1003.6,972
2023.01.09,09:00,1010.0,1012.6,1009.8,1012.6,1308
2023.01.09,10:00,1012.4,1014.8,1012.4,1013.8,2011
2023.01.09,11:00,1013.9,1014.1,1012.3,1013.7,841
2023.01.09,12:00,1013.6,1014.0,1013.0,1013.2,309
2023.01.09,14:00,1013.3,1014.3,1012.2,1013.0,678
2023.01.09,15:00,1012.9,1014.5,1012.2,1014.1,656
2023.01.09,16:00,1014.0,1014.9,1013.1,1014.3,963
2023.01.10,09:00,1013.1,1013.7,1011.6,1013.7,562
2023.01.10,10:00,1013.5,1016.1,1010.8,1011.5,2590
2023.01.10,11:00,1011.6,1013.3,1011.3,1012.7,749
2023.01.10,12:00,1012.6,1013.3,1012.0,1012.5,290
2023.01.10,14:00,1012.6,1013.2,1012.0,1012.7,489
2023.01.10,15:00,1012.6,1013.1,1011.4,1011.7,582
2023.01.10,16:00,1011.8,1013.1,1011.7,1012.5,767
2023.01.11,09:00,1016.1,1016.2,1013.4,1013.7,637
2023.01.11,10:00,1013.6,1015.2,1007.5,1009.2,3074
2023.01.11,11:00,1009.3,1010.5,1007.5,1007.5,1269
2023.01.11,12:00,1007.6,1010.2,1007.1,1009.3,710
2023.01.11,14:00,1009.1,1009.7,1008.5,1009.1,575
2023.01.11,15:00,1009.0,1010.8,1007.8,1007.8,862
2023.01.11,16:00,1007.9,1008.8,1007.6,1008.6,1214
2023.01.12,09:00,1009.4,1010.0,1008.0,1009.5,501
2023.01.12,10:00,1009.6,1010.6,1005.1,1006.6,2327
2023.01.12,11:00,1006.5,1007.4,1005.6,1007.1,829
2023.01.12,12:00,1007.0,1007.9,1006.7,1007.7,498
2023.01.12,14:00,1007.2,1008.8,1007.0,1008.2,799
2023.01.12,15:00,1008.1,1008.4,1006.7,1006.9,547
2023.01.12,16:00,1007.0,1010.3,1006.9,1009.7,1321
2023.01.13,09:00,1010.5,1011.0,1008.7,1010.1,848
2023.01.13,10:00,1010.0,1012.0,1008.2,1012.0,1557
2023.01.13,11:00,1011.9,1012.3,1000.0,1002.3,3684
2023.01.13,12:00,1002.4,1002.9,998.2,998.5,2002
2023.01.13,14:00,999.1,1003.5,998.9,1002.5,1892
2023.01.13,15:00,1002.3,1003.1,1001.1,1002.6,897
2023.01.13,16:00,1002.5,1004.0,1002.1,1003.8,1269
2023.01.16,09:00,1005.9,1006.5,1004.0,1005.8,827
2023.01.16,10:00,1005.7,1008.8,1004.7,1007.2,1872
2023.01.16,11:00,1007.0,1007.4,1006.1,1006.7,635
2023.01.16,12:00,1006.9,1008.3,1006.6,1008.0,402
2023.01.16,14:00,1007.5,1009.0,1007.3,1008.7,911
2023.01.16,15:00,1008.8,1009.0,1002.2,1002.6,2288
2023.01.16,16:00,1002.5,1004.7,1001.7,1003.6,1483
2023.01.17,09:00,1004.4,1004.5,1002.3,1002.4,587
2023.01.17,10:00,1002.3,1005.8,1001.3,1004.0,1673
2023.01.17,11:00,1004.1,1005.1,1002.8,1005.1,848
2023.01.17,12:00,1005.2,1005.2,1004.0,1004.2,276
2023.01.17,14:00,1003.9,1004.5,1003.1,1003.7,480
2023.01.17,15:00,1003.8,1004.4,1003.1,1003.6,415
2023.01.17,16:00,1003.7,1003.7,1002.2,1002.3,818
2023.01.18,09:00,1002.2,1003.1,1001.4,1002.9,499
2023.01.18,10:00,1003.0,1006.0,1000.7,1001.5,2533
2023.01.18,11:00,1001.6,1003.4,1000.8,1003.4,764
2023.01.18,12:00,1003.5,1003.7,1002.4,1002.5,275
2023.01.18,14:00,1003.2,1005.0,1003.1,1004.1,722
2023.01.18,15:00,1004.2,1004.6,1002.4,1003.3,592
2023.01.18,16:00,1003.2,1004.9,1002.9,1004.7,952
2023.01.19,09:00,1001.0,1004.0,1000.8,1002.0,808
2023.01.19,10:00,1001.8,1006.0,1001.6,1004.7,1945
2023.01.19,11:00,1004.6,1005.5,1003.6,1005.5,830
2023.01.19,12:00,1005.3,1007.2,1005.3,1007.1,817
2023.01.19,14:00,1007.0,1007.3,1005.3,1005.5,741
2023.01.19,15:00,1005.4,1006.3,1004.8,1004.8,752
2023.01.19,16:00,1004.9,1006.7,1004.4,1005.7,1091
2023.01.20,09:00,1005.1,1006.5,1004.9,1005.0,483
2023.01.20,10:00,1005.1,1005.1,1001.0,1001.4,2217
2023.01.20,11:00,1001.3,1002.3,998.4,998.6,1934
2023.01.20,12:00,998.5,1000.3,998.4,999.1,689
2023.01.20,14:00,999.2,1001.0,999.1,1000.2,650
2023.01.20,15:00,1000.1,1000.3,999.0,999.7,676
2023.01.20,16:00,999.8,1000.5,998.8,1000.5,994
2023.01.23,09:00,1000.3,1000.9,999.4,1000.7,576
2023.01.23,10:00,1000.8,1001.7,998.5,1001.3,1565
2023.01.23,11:00,1001.1,1002.8,1000.1,1002.7,769
2023.01.23,12:00,1002.8,1003.3,1002.2,1003.1,593
2023.01.23,14:00,1003.0,1003.2,1002.2,1003.2,406
2023.01.23,15:00,1003.3,1005.9,1003.2,1005.6,1483
2023.01.23,16:00,1005.5,1005.7,1004.0,1004.9,861
2023.01.24,09:00,1006.5,1007.9,1006.1,1007.7,610
2023.01.24,10:00,1007.8,1008.7,1004.4,1004.7,2078
2023.01.24,11:00,1004.8,1006.2,1004.2,1005.8,757
2023.01.24,12:00,1005.9,1006.3,1005.3,1005.4,293
2023.01.24,14:00,1005.1,1005.8,1004.4,1005.7,669
2023.01.24,15:00,1005.8,1007.0,1002.9,1003.1,1044
2023.01.24,16:00,1002.9,1003.6,1001.4,1001.8,1458
2023.01.25,09:00,1002.0,1003.4,1001.7,1002.3,571
2023.01.25,10:00,1002.4,1004.0,1000.6,1004.0,1407
2023.01.25,11:00,1003.9,1005.0,1002.3,1004.5,1067
2023.01.25,12:00,1004.4,1004.9,1003.2,1003.4,456
2023.01.25,14:00,1003.3,1004.0,1001.6,1001.6,703
2023.01.25,15:00,1001.5,1003.0,1001.1,1002.7,921
2023.01.25,16:00,1002.8,1002.8,1001.8,1002.2,780
2023.01.26,09:00,1004.0,1005.0,1001.6,1002.2,586
2023.01.26,10:00,1002.0,1002.3,993.4,995.3,4318
2023.01.26,11:00,995.4,997.7,995.2,997.5,1129
2023.01.26,12:00,997.6,998.0,997.1,997.6,458
2023.01.26,14:00,997.8,998.0,995.6,996.6,720
2023.01.26,15:00,996.7,996.8,994.6,995.2,1136
2023.01.26,16:00,995.3,995.8,994.3,995.2,1269
2023.01.27,09:00,996.5,996.8,995.3,996.5,494
2023.01.27,10:00,996.3,998.5,994.0,997.1,2203
2023.01.27,11:00,997.0,998.8,996.4,998.5,895
2023.01.27,12:00,998.4,998.7,997.7,998.0,377
2023.01.27,14:00,997.6,999.2,997.2,999.1,654
2023.01.27,15:00,999.2,1001.8,999.1,1000.5,1282
2023.01.27,16:00,1000.4,1001.2,999.6,999.9,1224
2023.01.30,09:00,1001.7,1001.7,1000.1,1000.8,589
2023.01.30,10:00,1000.9,1001.0,998.5,998.6,1907
2023.01.30,11:00,998.5,999.9,997.1,999.5,1161
2023.01.30,12:00,999.3,999.7,998.6,998.8,268
2023.01.30,14:00,998.6,999.1,997.6,998.3,691
2023.01.30,15:00,998.4,999.5,997.1,998.7,889
2023.01.30,16:00,998.8,999.5,998.4,998.6,717
2023.01.31,09:00,998.3,998.6,997.2,998.1,581
2023.01.31,10:00,998.2,999.4,995.2,996.2,1953
2023.01.31,11:00,996.3,996.8,994.7,994.7,1021
2023.01.31,12:00,994.6,996.2,994.4,994.7,632
2023.01.31,14:00,994.8,995.8,994.1,994.6,689
2023.01.31,15:00,994.7,994.9,992.6,992.8,1108
2023.01.31,16:00,992.7,993.7,990.1,990.1,1577
2023.02.01,09:00,992.1,993.9,991.6,993.4,853
2023.02.01,10:00,993.2,996.9,992.7,995.0,2229
2023.02.01,11:00,994.9,995.6,994.2,994.8,744
2023.02.01,12:00,994.9,996.2,994.7,995.7,384
2023.02.01,14:00,995.8,996.4,994.4,995.3,620
2023.02.01,15:00,995.2,998.0,995.2,998.0,1040
2023.02.01,16:00,997.9,998.5,997.0,997.6,1172
2023.02.02,09:00,998.9,1001.3,998.8,1001.0,862
2023.02.02,10:00,1000.8,1002.4,996.5,997.9,3349
2023.02.02,11:00,998.0,998.5,997.0,997.4,741
2023.02.02,12:00,997.5,998.3,997.0,997.5,329
2023.02.02,14:00,997.4,997.9,995.2,995.6,871
2023.02.02,15:00,995.5,996.7,995.0,995.5,901
2023.02.02,16:00,995.4,996.7,995.1,996.0,1188
2023.02.03,09:00,994.0,996.0,993.3,995.4,871
2023.02.03,10:00,995.5,998.0,993.7,997.9,2197
2023.02.03,11:00,998.0,999.5,997.4,999.1,1415
2023.02.03,12:00,999.0,999.8,998.6,999.5,350
2023.02.03,14:00,999.4,999.7,997.6,998.5,777
2023.02.03,15:00,998.6,999.3,997.8,999.2,461
2023.02.03,16:00,999.1,1001.4,998.8,1001.0,1340
2023.02.06,09:00,997.7,998.9,996.7,997.4,853
2023.02.06,10:00,997.3,998.2,995.4,996.1,1779
2023.02.06,11:00,996.2,996.9,994.6,996.8,1068
2023.02.06,12:00,996.9,997.4,995.1,995.2,483
2023.02.06,14:00,995.1,996.0,994.1,995.7,800
2023.02.06,15:00,995.8,996.2,994.6,995.5,459
2023.02.06,16:00,995.4,995.5,994.3,995.0,952
2023.02.07,09:00,997.0,997.9,994.5,997.8,738
2023.02.07,10:00,997.9,999.0,996.5,996.8,1650
2023.02.07,11:00,996.6,996.9,992.4,992.6,2123
2023.02.07,12:00,992.7,994.2,992.5,993.1,366
2023.02.07,14:00,993.2,995.0,992.5,995.0,713
2023.02.07,15:00,994.9,995.8,993.7,995.2,770
2023.02.07,16:00,995.1,995.6,994.0,995.6,904
2023.02.08,09:00,996.0,996.5,994.1,995.5,581
2023.02.08,10:00,995.6,995.7,992.5,993.2,1766
2023.02.08,11:00,993.1,993.7,991.3,991.3,1318
2023.02.08,12:00,991.2,992.0,991.0,991.9,525
2023.02.08,14:00,991.5,992.7,990.5,992.0,930
2023.02.08,15:00,991.9,992.0,986.1,987.6,2402
2023.02.08,16:00,987.7,988.6,986.6,988.4,1176
2023.02.09,09:00,987.0,988.9,986.2,986.4,555
2023.02.09,10:00,986.3,986.5,981.6,984.3,2817
2023.02.09,11:00,984.4,984.8,982.1,983.0,739
2023.02.09,12:00,983.1,983.8,982.7,983.5,310
2023.02.09,14:00,983.6,985.7,982.6,984.8,999
2023.02.09,15:00,984.7,987.4,984.6,986.7,1192
2023.02.09,16:00,986.6,987.3,985.7,987.1,870
2023.02.10,09:00,985.0,986.3,984.0,986.0,688
2023.02.10,10:00,986.1,986.1,980.5,982.7,2599
2023.02.10,11:00,982.8,982.9,981.3,982.4,611
2023.02.10,12:00,982.5,983.8,982.2,983.1,295
2023.02.10,14:00,983.4,983.8,981.8,982.5,653
2023.02.10,15:00,982.4,984.1,981.7,984.1,604
2023.02.10,16:00,984.0,984.7,982.5,982.6,1212
2023.02.13,09:00,979.5,981.3,978.8,980.9,922
2023.02.13,10:00,980.7,987.5,978.6,986.9,3016
2023.02.13,11:00,986.8,987.2,984.2,985.1,1094
2023.02.13,12:00,985.0,985.2,983.7,984.7,307
2023.02.13,14:00,985.0,986.5,984.4,986.3,639
2023.02.13,15:00,986.2,986.9,984.9,984.9,478
2023.02.13,16:00,985.0,986.6,984.2,984.8,930
2023.02.14,09:00,987.0,989.0,986.5,989.0,742
2023.02.14,10:00,988.9,990.0,987.1,988.5,2135
2023.02.14,11:00,988.4,988.4,985.5,986.8,1464
2023.02.14,12:00,986.9,987.2,986.1,986.1,307
2023.02.14,14:00,986.3,986.6,984.0,984.0,1016
2023.02.14,15:00,983.9,984.6,982.4,983.6,1371
2023.02.14,16:00,983.5,984.6,983.2,984.4,754
2023.02.15,09:00,981.6,982.8,981.2,981.2,750
2023.02.15,10:00,981.3,985.5,979.7,985.5,2317
2023.02.15,11:00,985.4,985.8,983.0,983.9,843
2023.02.15,12:00,983.8,983.9,982.8,983.4,218
2023.02.15,14:00,983.2,985.2,980.8,980.9,866
2023.02.15,15:00,980.8,983.8,980.8,983.7,918
2023.02.15,16:00,983.8,984.4,982.9,983.6,932
2023.02.16,09:00,986.9,987.8,986.4,987.7,679
2023.02.16,10:00,987.8,988.7,984.7,985.9,2352
2023.02.16,11:00,985.8,989.7,985.8,989.5,1401
2023.02.16,12:00,989.6,989.9,989.1,989.7,413
2023.02.16,14:00,989.2,989.5,987.5,988.7,731
2023.02.16,15:00,988.6,991.0,988.5,989.1,1005
2023.02.16,16:00,989.2,991.4,988.9,991.4,1199
2023.02.17,09:00,988.1,989.0,987.5,987.6,679
2023.02.17,10:00,987.5,989.3,986.2,986.8,1976
2023.02.17,11:00,986.9,988.7,986.7,988.0,680
2023.02.17,12:00,987.9,988.0,986.6,986.6,278
2023.02.17,14:00,986.7,987.6,985.6,985.8,923
2023.02.17,15:00,985.9,986.4,985.0,986.2,1181
2023.02.17,16:00,986.0,988.6,985.9,988.4,1040
2023.02.20,09:00,988.7,989.4,987.5,987.6,572
2023.02.20,10:00,987.7,990.4,986.6,989.6,1581
2023.02.20,11:00,989.7,991.0,988.8,988.8,824
2023.02.20,12:00,988.9,988.9,987.6,987.7,386
2023.02.20,14:00,988.0,989.3,986.0,989.2,964
2023.02.20,15:00,989.3,989.8,987.8,988.9,568
2023.02.20,16:00,988.8,989.6,988.3,989.3,729
2023.02.21,09:00,989.0,989.4,988.2,988.9,404
2023.02.21,10:00,988.7,988.9,986.5,987.4,1470
2023.02.21,11:00,987.3,988.0,986.0,987.2,753
2023.02.21,12:00,987.1,987.7,987.1,987.2,205
2023.02.21,14:00,987.0,987.8,986.1,987.6,538
2023.02.21,15:00,987.5,992.8,987.4,992.5,2465
2023.02.21,16:00,992.4,994.9,992.3,994.6,1583
2023.02.22,09:00,992.5,993.7,992.1,992.2,566
2023.02.22,10:00,992.1,993.0,990.4,991.2,1578
2023.02.22,11:00,991.3,993.0,991.1,991.2,669
2023.02.22,12:00,991.1,991.9,990.8,991.2,310
2023.02.22,14:00,991.4,991.5,990.1,990.1,586
2023.02.22,15:00,990.2,990.4,987.0,987.3,1804
2023.02.22,16:00,987.4,988.4,985.5,986.6,1444
2023.02.23,09:00,985.6,988.1,985.5,987.5,628
2023.02.23,10:00,987.4,988.0,980.9,982.2,2910
2023.02.23,11:00,982.1,983.2,981.7,981.9,784
2023.02.23,12:00,982.0,982.7,981.5,982.4,416
2023.02.23,14:00,982.0,983.7,981.5,983.1,728
2023.02.23,15:00,983.2,983.4,981.8,982.4,498
2023.02.23,16:00,982.5,983.4,981.6,983.0,810
2023.02.24,09:00,982.9,983.5,981.1,981.8,583
2023.02.24,10:00,981.9,982.0,975.2,976.8,3200
2023.02.24,11:00,976.9,977.5,972.3,973.2,1862
2023.02.24,12:00,973.3,974.0,970.7,973.9,1027
2023.02.24,14:00,973.8,974.2,970.5,970.6,946
2023.02.24,15:00,970.5,971.7,968.5,969.2,1551
2023.02.24,16:00,969.4,970.2,967.3,968.0,1948
2023.02.27,09:00,967.0,969.5,966.7,967.8,688
2023.02.27,10:00,968.0,972.6,965.3,969.5,3393
2023.02.27,11:00,969.6,970.7,968.2,969.1,1141
2023.02.27,12:00,969.0,969.3,967.5,968.7,397
2023.02.27,14:00,968.8,969.9,967.7,968.4,822
2023.02.27,15:00,968.5,969.9,967.5,967.8,967
2023.02.27,16:00,967.9,968.2,965.6,967.5,1258
2023.02.28,09:00,970.5,971.3,969.1,971.0,682
2023.02.28,10:00,970.9,972.0,967.5,968.8,1757
2023.02.28,11:00,968.9,969.4,962.5,964.0,2005
2023.02.28,12:00,964.1,964.8,963.3,964.2,458
2023.02.28,14:00,963.6,964.1,961.6,962.4,1239
2023.02.28,15:00,962.5,964.8,962.2,963.1,1079
2023.02.28,16:00,963.2,966.6,962.8,965.8,1968
2023.03.01,09:00,969.0,969.0,965.5,965.9,817
2023.03.01,10:00,966.0,966.5,962.6,966.4,2414
2023.03.01,11:00,966.5,969.5,965.5,965.6,1674
2023.03.01,12:00,965.5,966.9,965.1,966.0,464
2023.03.01,14:00,966.6,966.8,965.1,966.4,937
2023.03.01,15:00,966.3,966.9,963.8,963.8,1171
2023.03.01,16:00,963.7,964.5,960.8,962.6,2029
2023.03.02,09:00,961.7,963.4,961.2,963.2,724
2023.03.02,10:00,963.0,966.4,959.6,966.2,3071
2023.03.02,11:00,966.4,967.3,964.7,966.9,1271
2023.03.02,12:00,966.8,967.9,966.2,967.0,627
2023.03.02,14:00,966.2,966.8,963.2,963.4,1235
2023.03.02,15:00,963.3,963.8,960.5,962.4,1853
2023.03.02,16:00,962.3,964.0,961.3,962.9,1291
2023.03.03,09:00,966.0,966.4,963.5,964.2,704
2023.03.03,10:00,964.1,964.1,957.2,960.8,2958
2023.03.03,11:00,961.0,961.2,956.1,956.2,1424
2023.03.03,12:00,956.3,958.2,956.2,957.8,560
2023.03.03,14:00,957.2,959.2,956.6,956.7,793
2023.03.03,15:00,956.8,958.3,956.8,957.8,671
2023.03.03,16:00,957.7,958.1,956.1,957.4,1312
2023.03.07,09:00,960.0,962.0,959.0,961.2,1123
2023.03.07,10:00,961.1,967.7,960.7,967.7,3205
2023.03.07,11:00,967.8,968.8,966.4,966.8,1535
2023.03.07,12:00,966.7,967.6,965.3,965.4,502
2023.03.07,14:00,965.2,965.3,963.5,963.5,959
2023.03.07,15:00,963.4,966.5,963.1,965.2,948
2023.03.07,16:00,965.1,965.9,964.3,965.0,1250
2023.03.08,09:00,960.6,961.3,956.8,957.0,1176
2023.03.08,10:00,956.9,957.1,950.7,953.6,4614
2023.03.08,11:00,953.5,955.8,953.0,955.0,1603
2023.03.08,12:00,954.9,955.7,954.4,955.0,408
2023.03.08,14:00,955.1,956.7,954.9,955.4,716
2023.03.08,15:00,955.5,960.0,953.8,960.0,1314
2023.03.08,16:00,959.9,960.3,957.4,959.6,1385
2023.03.09,09:00,956.6,961.1,956.6,959.4,957
2023.03.09,10:00,959.3,961.8,956.4,960.5,2663
2023.03.09,11:00,960.6,963.3,959.3,963.3,1253
2023.03.09,12:00,963.2,963.2,961.2,961.7,517
2023.03.09,14:00,961.0,961.6,958.9,960.6,1137
2023.03.09,15:00,960.7,961.3,959.1,960.2,1034
2023.03.09,16:00,960.3,960.7,959.0,960.4,1153
2023.03.10,09:00,954.0,954.9,952.1,952.1,1111
2023.03.10,10:00,952.2,954.8,951.3,952.5,1993
2023.03.10,11:00,952.4,953.9,952.1,952.7,610
2023.03.10,12:00,952.8,953.3,952.6,953.0,189
2023.03.10,14:00,952.5,953.7,952.2,952.9,435
2023.03.10,15:00,953.0,953.0,950.1,950.9,1370
2023.03.10,16:00,950.8,954.3,950.2,954.2,1481
2023.03.13,09:00,952.1,952.5,947.2,947.4,1572
2023.03.13,10:00,947.3,951.7,945.7,951.6,2825
2023.03.13,11:00,951.7,955.0,950.8,953.8,1837
2023.03.13,12:00,953.7,954.2,952.7,952.9,498
2023.03.13,14:00,952.0,952.3,950.0,950.4,1263
2023.03.13,15:00,950.3,950.5,942.8,943.3,2918
2023.03.13,16:00,943.4,943.9,930.5,932.4,4815
2023.03.14,09:00,931.6,934.0,930.2,933.7,1499
2023.03.14,10:00,933.9,937.4,927.2,931.9,4879
2023.03.14,11:00,931.8,933.2,926.1,927.4,2166
2023.03.14,12:00,927.5,930.0,926.2,926.9,838
2023.03.14,14:00,926.8,930.3,922.6,923.9,2067
2023.03.14,15:00,924.0,926.1,918.6,922.2,3020
2023.03.14,16:00,922.1,922.4,900.2,905.4,7327
2023.03.15,09:00,916.0,920.6,915.1,919.9,1672
2023.03.15,10:00,919.8,931.3,918.7,931.3,5287
2023.03.15,11:00,931.4,935.5,926.2,935.5,2827
2023.03.15,12:00,935.4,935.5,931.3,931.4,1001
2023.03.15,14:00,931.2,935.4,931.2,933.7,1285
2023.03.15,15:00,933.8,943.3,932.4,938.9,3559
2023.03.15,16:00,939.0,940.0,931.4,933.0,3649
2023.03.16,09:00,929.2,930.0,923.2,924.3,1554
2023.03.16,10:00,924.2,924.7,919.3,920.7,4378
2023.03.16,11:00,920.8,923.2,920.4,922.1,988
2023.03.16,12:00,922.2,930.2,922.1,928.3,1800
2023.03.16,14:00,926.5,929.2,921.8,929.0,2120
2023.03.16,15:00,928.9,934.0,927.0,931.5,3016
2023.03.16,16:00,931.6,933.7,928.5,928.5,1805
2023.03.17,09:00,938.5,939.3,935.6,936.9,886
2023.03.17,10:00,936.8,941.5,934.1,935.6,3412
2023.03.17,11:00,935.8,936.9,932.2,934.1,1809
2023.03.17,12:00,934.0,937.8,934.0,937.5,690
2023.03.17,14:00,937.9,941.0,936.4,939.0,1698
2023.03.17,15:00,938.9,944.8,938.6,942.5,1898
2023.03.17,16:00,942.4,943.0,937.0,939.6,2092
2023.03.20,09:00,935.0,936.4,932.6,935.4,1133
2023.03.20,10:00,935.5,937.2,932.8,934.3,2620
2023.03.20,11:00,934.4,941.8,933.5,937.5,2445
2023.03.20,12:00,937.6,938.6,936.7,937.5,533
2023.03.20,14:00,932.5,933.0,923.6,925.2,3937
2023.03.20,15:00,925.3,933.0,924.0,933.0,2920
2023.03.20,16:00,932.9,936.0,929.6,933.2,2353
2023.03.21,09:00,940.0,941.2,938.6,939.9,966
2023.03.21,10:00,940.0,941.6,936.7,939.3,2221
2023.03.21,11:00,939.1,940.2,937.3,938.2,855
2023.03.21,12:00,938.1,939.4,937.7,939.2,310
2023.03.21,14:00,940.0,948.2,939.1,945.9,2412
2023.03.21,15:00,946.0,949.0,945.1,947.8,1581
2023.03.21,16:00,947.9,949.2,947.0,948.5,1377
